"item_source_code","raw_storage_name","detail_org_id","detail_org_name","detail_department","detail_phone","items"
"police_api","덕산지구대","O0001392","덕산지구대","덕산지구대","041-330-9303","12"
"police_api","방학파출소","O0000251","서울도봉경찰서","서울도봉경찰서","02-2289-9447","10"
"police_api","읍내지구대","O0001727","읍내지구대","읍내지구대","061-860-7301","10"
"police_api","읍내파출소","O0001778","읍내파출소","읍내파출소","061-399-4301","9"
"police_api","중앙파출소","O0000869","중앙파출소","중앙파출소","031-8047-8475","9"
"police_api","서부지구대","O0001324","서부지구대","서부지구대","041-689-9711","8"
"police_api","구성파출소","O0000901","구성파출소","구성파출소","031-283-3112","7"
"police_api","상동지구대","O0000515","상동지구대","상동지구대","053-763-0112","7"
"police_api","중앙지구대","O0000884","중앙지구대","중앙지구대","031-260-0405","7"
"police_api","중앙파출소","O0001926","경산경찰서","경산경찰서","053-770-0182","7"
"police_api","고등파출소","O0003305","수원팔달경찰서","수원팔달경찰서","031-369-6296","6"
"police_api","마산지구대","O0002927","마산지구대","마산지구대","031-989-5112","6"
"police_api","서부파출소","O0000713","울산동부경찰서","울산동부경찰서","052-210-7345","6"
"police_api","장기파출소","O0000591","장기파출소","장기파출소","032-363-6307","6"
"police_api","대명파출소","O0000497","대구남부경찰서","대구남부경찰서","053-650-2357","5"
"police_api","위례파출소","O0003212","위례파출소","위례파출소","02-3402-6102","5"
"police_api","중부지구대","O0001087","중부지구대","중부지구대","033-650-9716","5"
"police_api","중앙지구대","O0001280","중앙지구대","중앙지구대","043-730-9721","5"
"police_api","갈산지구대","O0000757","갈산지구대","갈산지구대","031-478-7432","4"
"police_api","대야파출소","O0000838","시흥경찰서","시흥경찰서","031-310-9147","4"
"police_api","오창지구대","O0001201","청주청원경찰서","청주청원경찰서","043-251-1348","4"
"police_api","서부지구대","O0001089","서부지구대","서부지구대","033-650-9752","3"
"police_api","신사지구대","O0002731","핸드폰찾기콜센터","핸드폰찾기콜센터","02-1566-4300","3"
"police_api","용문파출소","O0000962","용문파출소","용문파출소","031-773-3112","3"
"police_api","중앙지구대","O0001099","중앙지구대","중앙지구대","033-738-0713","3"
"police_api","중앙파출소","O0002287","밀양경찰서","밀양경찰서","055-350-0347","3"
"police_api","혁신파출소","O0002863","혁신파출소","혁신파출소","043-1883-9112","3"
"police_api","공항지구대","O0003350","인천영종경찰서","인천영종경찰서","032-650-6021","2"
"police_api","대야파출소","O0000771","대야파출소","대야파출소","031-390-9483","2"
"police_api","대야파출소","O0000846","대야파출소","대야파출소","031-311-0112","2"
"police_api","덕산파출소","O0000049","덕산파출소","덕산파출소","02-3158-7305","2"
"police_api","동부파출소","O0001326","동부파출소","동부파출소","041-689-9717","2"
"police_api","동부파출소","O0001930","동부파출소","동부파출소","053-801-0112","2"
"police_api","북부지구대","O0001091","북부지구대","북부지구대","033-650-9746","2"
"police_api","북삼지구대","O0001110","북삼지구대","북삼지구대","033-539-3357","2"
"police_api","서부지구대","O0000971","하남경찰서","하남경찰서","031-790-0158","2"
"police_api","서부지구대","O0001927","서부지구대","서부지구대","053-811-5112","2"
"police_api","아미파출소","O0000923","아미파출소","아미파출소","031-645-0482","2"
"police_api","양촌파출소","O0002679","양촌파출소","양촌파출소","031-991-0112","2"
"police_api","역전파출소","O0001940","안동경찰서","안동경찰서","054-850-9360","2"
"police_api","온천지구대","O0001338","온천지구대","온천지구대","041-538-0845","2"
"police_api","중앙지구대","O0001476","중앙지구대","중앙지구대","063-856-3592","2"
"police_api","충무파출소","O0000009","충무파출소","충무파출소","02-3396-9306","2"
"police_api","화원파출소","O0000534","화원파출소","화원파출소","053-660-8142","2"
"police_api","강동파출소","O0000719","강동파출소","강동파출소","052-298-0112","1"
"police_api","강동파출소","O0001086","강릉경찰서","강릉경찰서","033-650-9657","1"
"police_api","강동파출소","O0002949","울산북부경찰서","울산북부경찰서","052-240-4401","1"
"police_api","고등파출소","O0000753","고등파출소","고등파출소","031-369-6473","1"
"police_api","고성경찰서","O0002731","핸드폰찾기콜센터","핸드폰찾기콜센터","02-1566-4300","1"
"police_api","남부지구대","O0002001","남부지구대","남부지구대","054-339-1302","1"
"police_api","대명파출소","O0000500","대명파출소","대명파출소","053-625-0112","1"
"police_api","대청파출소","O0000546","인천제물포경찰서","인천제물포경찰서","032-760-8135","1"
"police_api","동부파출소","O0002285","동부파출소","동부파출소","055-639-0106","1"
"police_api","산성파출소","O0000772","성남수정경찰서","성남수정경찰서","031-750-4147","1"
"police_api","삼계파출소","O0001779","삼계파출소","삼계파출소","061-399-4311","1"
"police_api","서림지구대","O0001407","서림지구대","서림지구대","041-955-5301","1"
"police_api","서부지구대","O0000974","서부지구대","서부지구대","031-8027-7531","1"
"police_api","서부지구대","O0002731","핸드폰찾기콜센터","핸드폰찾기콜센터","02-1566-4300","1"
"police_api","서부파출소","O0000717","서부파출소","서부파출소","052-251-0112","1"
"police_api","신흥지구대","O0000546","인천제물포경찰서","인천제물포경찰서","032-760-8135","1"
"police_api","역전파출소","O0001946","역전파출소","역전파출소","054-859-2301","1"
"police_api","역전파출소","O0002289","역전파출소","역전파출소","055-356-0113","1"
"police_api","오창지구대","O0001217","오창지구대","오창지구대","043-251-1708","1"
"police_api","월곡지구대","O0000194","월곡지구대","월곡지구대","02-3396-7301","1"
"police_api","읍내지구대","O0001689","읍내지구대","읍내지구대","061-760-0151","1"
"police_api","읍내지구대","O0001755","읍내지구대","읍내지구대","061-374-2624","1"
"police_api","중부지구대","O0002307","중부지구대","중부지구대","055-932-0112","1"
"police_api","중부지구대","O0002370","중부지구대","중부지구대","055-573-0112","1"
"police_api","중앙지구대","O0000935","중앙지구대","중앙지구대","031-8046-0668","1"
"police_api","중앙지구대","O0001510","중앙지구대","중앙지구대","063-630-0725","1"
"police_api","중앙지구대","O0002731","핸드폰찾기콜센터","핸드폰찾기콜센터","02-1566-4300","1"
"police_api","중앙파출소","O0001929","중앙파출소","중앙파출소","053-816-0112","1"
"police_api","중앙파출소","O0002288","중앙파출소","중앙파출소","055-355-0112","1"
"police_api","청산파출소","O0001285","청산파출소","청산파출소","043-730-9719","1"
"police_api","평화지구대","O0002731","핸드폰찾기콜센터","핸드폰찾기콜센터","02-1566-4300","1"
"police_api","화남파출소","O0000535","화남파출소","화남파출소","053-660-8141","1"
