"item_source_code","normalized_raw_storage_name","detail_org_id","source_key","name","phone","address","items","evidence_note"
"partner_api","비발디파크","V0004638","partner:05d78896ab84120ec616","비발디파크","033-439-8509","강원특별자치도 홍천군 서면 한치골길 262 (팔봉리, 대명비발디파크)","21","2026-10-02 Lost112 orgNm=비발디파크; tel=0334398509; method=phone; Kakao address delta=0.0m"
"police_api","가산파출소","O0000138","substation:164","서울금천가산파출소","02-864-0113","서울특별시 금천구 벚꽃로56길 174","11","2026-10-02 Lost112 orgNm=서울금천경찰서; tel=028015313; method=parent_name; Kakao address delta=0.0m"
"police_api","가산파출소","O0000143","substation:164","서울금천가산파출소","02-864-0113","서울특별시 금천구 벚꽃로56길 174","4","2026-10-02 Lost112 orgNm=가산파출소; tel=028640113; method=phone; Kakao address delta=0.0m"
"police_api","가야지구대","O0000312","substation:264","부산진가야지구대","051-895-2931","부산광역시 부산진구 가야공원로 10","8","2026-10-02 Lost112 orgNm=부산진경찰서; tel=0518909347; method=parent_name; Kakao address delta=0.0m"
"police_api","가야지구대","O0000328","substation:264","부산진가야지구대","051-895-2931","부산광역시 부산진구 가야공원로 10","6","2026-10-02 Lost112 orgNm=가야지구대; tel=0518952931; method=phone; Kakao address delta=0.0m"
"police_api","가야지구대","O0002361","substation:1639","함안가야지구대","055-584-0112","경상남도 함안군 가야읍 가야로 24","3","2026-10-02 Lost112 orgNm=함안경찰서; tel=0555898247; method=parent_name; Kakao address delta=0.0m"
"police_api","가야지구대","O0002362","substation:1639","함안가야지구대","055-584-0112","경상남도 함안군 가야읍 가야로 24","3","2026-10-02 Lost112 orgNm=가야지구대; tel=0555840112; method=phone; Kakao address delta=0.0m"
"police_api","가양지구대","O0000172","substation:151","서울강서가양지구대","02-3665-9112","서울특별시 강서구 허준로 221-22","9","2026-10-02 Lost112 orgNm=서울강서경찰서; tel=0226209139; method=parent_name; Kakao address delta=0.0m"
"police_api","가양지구대","O0000177","substation:151","서울강서가양지구대","02-3665-9112","서울특별시 강서구 허준로 221-22","4","2026-10-02 Lost112 orgNm=가양지구대; tel=0236659112; method=phone; Kakao address delta=0.0m"
"police_api","가양지구대","O0000671","substation:507","대전동부가양지구대","042-600-2172","대전광역시 동구 우암로 304","5","2026-10-02 Lost112 orgNm=대전동부경찰서; tel=0426002845; method=parent_name; Kakao address delta=0.0m"
"police_api","가양지구대","O0000674","substation:507","대전동부가양지구대","042-600-2172","대전광역시 동구 우암로 304","7","2026-10-02 Lost112 orgNm=가양지구대; tel=0426002172; method=phone; Kakao address delta=0.0m"
"police_api","가좌파출소","O0000994","substation:715","일산서부가좌파출소","031-918-6112","경기도 고양시 일산서구 가좌로 24","2","2026-10-02 Lost112 orgNm=가좌파출소; tel=0319186112; method=phone; Kakao address delta=0.0m"
"police_api","가좌파출소","O0002908","substation:715","일산서부가좌파출소","031-918-6112","경기도 고양시 일산서구 가좌로 24","2","2026-10-02 Lost112 orgNm=일산서부경찰서; tel=0318397347; method=parent_name; Kakao address delta=0.0m"
"police_api","갈산지구대","O0000597","substation:436","인천삼산갈산지구대","032-509-0301","인천광역시 부평구 굴포로7번길 43","10","2026-10-02 Lost112 orgNm=인천삼산경찰서; tel=0325090349; method=parent_name; Kakao address delta=4.6m"
"police_api","갈산지구대","O0000598","substation:436","인천삼산갈산지구대","032-509-0301","인천광역시 부평구 굴포로7번길 43","4","2026-10-02 Lost112 orgNm=갈산지구대; tel=0325090301; method=phone; Kakao address delta=4.6m"
"police_api","갈산지구대","O0000756","substation:635","안양동안갈산지구대","031-456-1113","경기도 안양시 동안구 흥안대로223번길 30-1","4","2026-10-02 Lost112 orgNm=안양동안경찰서; tel=0314787149; method=parent_name; Kakao address delta=0.0m"
"police_api","감곡파출소","O0001289","substation:994","음성감곡파출소","043-881-2113","충청북도 음성군 감곡면 장감로 127","4","2026-10-02 Lost112 orgNm=음성경찰서; tel=0438707350; method=parent_name; Kakao address delta=0.0m"
"police_api","감곡파출소","O0001293","substation:994","음성감곡파출소","043-881-2113","충청북도 음성군 감곡면 장감로 127","1","2026-10-02 Lost112 orgNm=감곡파출소; tel=0438812113; method=phone; Kakao address delta=0.0m"
"police_api","강동파출소","O0000441","substation:305","부산강서강동파출소","051-971-1113","부산광역시 강서구 제도로 1191","2","2026-10-02 Lost112 orgNm=부산강서경찰서; tel=0512900350; method=parent_name; Kakao address delta=0.0m"
"police_api","고등파출소","O0000772","substation:605","성남수정고등파출소","031-750-4050","경기도 성남시 수정구 고등공원로 47","1","2026-10-02 Lost112 orgNm=성남수정경찰서; tel=0317504147; method=parent_name; Kakao address delta=0.0m"
"police_api","고성경찰서","O0001173","station:141","고성경찰서","","강원특별자치도 고성군 간성읍 탑동길 12","25","Lost112 033-680-6347; official https://www.gwpolice.go.kr/gs/sub05/sub05_02.jsp"
"police_api","고성경찰서","O0002322","station:250","고성경찰서","","경상남도 고성군 고성읍 중앙로 113","23","Lost112 055-647-3247; official https://gnpolice.go.kr/gnpsub/page.do?MENU_ID=it03&go=gs"
"police_api","공단파출소","O0000532","substation:384","대구달성공단파출소","053-660-8132","대구광역시 달성군 논공읍 논공중앙로33길 7","2","2026-10-02 Lost112 orgNm=대구달성경찰서; tel=0536608363; method=parent_name; Kakao address delta=0.0m"
"police_api","공단파출소","O0000818","substation:692","안산단원공단파출소","031-494-0112","경기도 안산시 단원구 동산로 29","2","2026-10-02 Lost112 orgNm=안산단원경찰서; tel=03180400147; method=parent_name; Kakao address delta=1.6m"
"police_api","공항지구대","O0000172","substation:155","서울강서공항지구대","02-2662-0372","서울특별시 강서구 방화동로 5","20","2026-10-02 Lost112 orgNm=서울강서경찰서; tel=0226209139; method=parent_name; Kakao address delta=0.0m"
"police_api","공항지구대","O0000175","substation:155","서울강서공항지구대","02-2662-0372","서울특별시 강서구 방화동로 5","3","2026-10-02 Lost112 orgNm=공항지구대; tel=0226620372; method=phone; Kakao address delta=0.0m"
"police_api","공항지구대","O0000550","substation:401","인천중부공항지구대","032-760-8304","인천광역시 중구 흰바위로27번길 12","18","2026-10-02 Lost112 orgNm=공항지구대; tel=0327608304; method=phone; Kakao address delta=0.2m"
"police_api","관산파출소","O0000981","substation:702","고양관산파출소","031-962-8112","경기도 고양시 덕양구 통일로 782","2","2026-10-02 Lost112 orgNm=고양경찰서; tel=0319305347; method=parent_name; Kakao address delta=0.0m"
"police_api","관산파출소","O0000987","substation:702","고양관산파출소","031-962-8112","경기도 고양시 덕양구 통일로 782","6","2026-10-02 Lost112 orgNm=관산파출소; tel=0319628112; method=phone; Kakao address delta=0.0m"
"police_api","광남지구대","O0000357","substation:319","부산남부광남지구대","051-610-8218","부산광역시 수영구 수영로554번길 52","33","2026-10-02 Lost112 orgNm=광남지구대; tel=0516108218; method=phone; Kakao address delta=0.0m"
"police_api","광남지구대","O0000812","substation:651","광명광남지구대","02-2613-0112","경기도 광명시 광명로 772","7","2026-10-02 Lost112 orgNm=광명경찰서; tel=0220930147; method=parent_name; Kakao address delta=0.0m"
"police_api","광남지구대","O0000816","substation:651","광명광남지구대","02-2613-0112","경기도 광명시 광명로 772","3","2026-10-02 Lost112 orgNm=광남지구대; tel=0226130112; method=phone; Kakao address delta=0.0m"
"police_api","광남지구대","O0003307","substation:319","부산남부광남지구대","051-610-8218","부산광역시 수영구 수영로554번길 52","27","Lost112 부산수영경찰서; official https://www.bspolice.go.kr/suyeong/view.do?no=1785"
"police_api","구성파출소","O0000897","substation:780","용인서부구성파출소","031-8021-8040","경기도 용인시 기흥구 구성로 68","9","2026-10-02 Lost112 orgNm=용인서부경찰서; tel=03180218240; method=parent_name; Kakao address delta=0.0m"
"police_api","군남파출소","O0001749","substation:1270","영광군남파출소","061-352-5112","전라남도 영광군 군남면 천년로 837","1","2026-10-02 Lost112 orgNm=군남파출소; tel=0613525112; method=phone; Kakao address delta=1.3m"
"police_api","군내파출소","O0001832","substation:1290","진도군내파출소","061-542-3112","전라남도 진도군 군내면 진도대로 7957","1","2026-10-02 Lost112 orgNm=군내파출소; tel=0615423112; method=phone; Kakao address delta=0.0m"
"police_api","금곡파출소","O0000452","substation:279","부산북부금곡파출소","051-361-6112","부산광역시 북구 금곡대로 462","3","2026-10-02 Lost112 orgNm=부산북부경찰서; tel=0517920349; method=parent_name; Kakao address delta=0.0m"
"police_api","금곡파출소","O0000460","substation:279","부산북부금곡파출소","051-361-6112","부산광역시 북구 금곡대로 462","1","2026-10-02 Lost112 orgNm=금곡파출소; tel=0513616112; method=phone; Kakao address delta=0.0m"
"police_api","금곡파출소","O0000997","substation:723","남양주남부금곡파출소","031-592-0112","경기도 남양주시 금곡로 57","1","2026-10-02 Lost112 orgNm=남양주남부경찰서; tel=0315798812; method=parent_name; Kakao address delta=0.0m"
"police_api","금남파출소","O0002983","substation:571","세종남부금남파출소","044-866-7112","세종특별자치시  금남면 용포로 62","2","2026-10-02 Lost112 orgNm=세종남부경찰서; tel=0443208747; method=parent_name; Kakao address delta=0.0m"
"police_api","금천파출소","O0000138","substation:167","서울금천금천파출소","02-802-0113","서울특별시 금천구 시흥대로57길 45","7","2026-10-02 Lost112 orgNm=서울금천경찰서; tel=028015313; method=parent_name; Kakao address delta=0.0m"
"police_api","금천파출소","O0000141","substation:167","서울금천금천파출소","02-802-0113","서울특별시 금천구 시흥대로57길 45","5","2026-10-02 Lost112 orgNm=금천파출소; tel=028020113; method=phone; Kakao address delta=0.0m"
"police_api","금호파출소","O0000104","substation:46","서울성동금호파출소","02-2231-6253","서울특별시 성동구 금호로11길 2-1","1","2026-10-02 Lost112 orgNm=금호파출소; tel=0222316253; method=phone; Kakao address delta=0.0m"
"police_api","남면파출소","O0001135","substation:1787","영월남면파출소","033-370-3742","강원특별자치도 영월군 남면 영월로 815","2","2026-10-02 Lost112 orgNm=영월경찰서; tel=0333703247; method=parent_name; Kakao address delta=0.0m"
"police_api","남면파출소","O0001151","substation:1775","홍천남면파출소","033-432-4112","강원특별자치도 홍천군 남면 양덕원로 86","1","2026-10-02 Lost112 orgNm=홍천경찰서; tel=0334399851; method=parent_name; Kakao address delta=0.0m"
"police_api","남문지구대","O0001435","substation:1835","전주완산남문지구대","063-280-0619","전북특별자치도 전주시 완산구 대동로 95","5","2026-10-02 Lost112 orgNm=전주완산경찰서; tel=0632800311; method=parent_name; Kakao address delta=0.3m"
"police_api","남문지구대","O0001436","substation:1835","전주완산남문지구대","063-280-0619","전북특별자치도 전주시 완산구 대동로 95","3","2026-10-02 Lost112 orgNm=남문지구대; tel=0632800619; method=phone; Kakao address delta=0.3m"
"police_api","남문지구대","O0002378","substation:1700","제주동부남문지구대","064-753-3312","제주특별자치도 제주시 연신로 6","24","2026-10-02 Lost112 orgNm=제주동부경찰서; tel=0647501321; method=parent_name; Kakao address delta=0.0m"
"police_api","남문지구대","O0002379","substation:1700","제주동부남문지구대","064-753-3312","제주특별자치도 제주시 연신로 6","6","2026-10-02 Lost112 orgNm=남문지구대; tel=0647533312; method=phone; Kakao address delta=0.0m"
"police_api","남부지구대","O0001074","substation:1730","춘천남부지구대","033-245-0741","강원특별자치도 춘천시 우석로4번길 21","5","2026-10-02 Lost112 orgNm=춘천경찰서; tel=0332450362; method=parent_name; Kakao address delta=2.2m"
"police_api","남부지구대","O0001078","substation:1730","춘천남부지구대","033-245-0741","강원특별자치도 춘천시 우석로4번길 21","10","2026-10-02 Lost112 orgNm=남부지구대; tel=0332450741; method=phone; Kakao address delta=2.2m"
"police_api","남부지구대","O0001086","substation:1748","강릉남부지구대","033-650-9732","강원특별자치도 강릉시 임영로 74","2","2026-10-02 Lost112 orgNm=강릉경찰서; tel=0336509657; method=parent_name; Kakao address delta=1.5m"
"police_api","남부지구대","O0001090","substation:1748","강릉남부지구대","033-650-9732","강원특별자치도 강릉시 임영로 74","1","2026-10-02 Lost112 orgNm=남부지구대; tel=0336509732; method=phone; Kakao address delta=1.5m"
"police_api","남부지구대","O0001999","substation:1414","영천남부지구대","054-334-2104","경상북도 영천시 완산2길 43","2","2026-10-02 Lost112 orgNm=영천경찰서; tel=0543391358; method=parent_name; Kakao address delta=0.0m"
"police_api","남부파출소","O0002037","substation:1438","문경남부파출소","054-550-7303","경상북도 문경시 모전로 144","6","2026-10-02 Lost112 orgNm=문경경찰서; tel=0545507347; method=parent_name; Kakao address delta=0.0m"
"police_api","남부파출소","O0002039","substation:1438","문경남부파출소","054-550-7303","경상북도 문경시 모전로 144","1","2026-10-02 Lost112 orgNm=남부파출소; tel=0545507303; method=phone; Kakao address delta=0.0m"
"police_api","남산지구대","O0000470","substation:334","대구중부남산지구대","053-420-1304","대구광역시 중구 달구벌대로 2048","5","2026-10-02 Lost112 orgNm=대구중부경찰서; tel=0534201347; method=parent_name; Kakao address delta=1.6m"
"police_api","남산지구대","O0000473","substation:334","대구중부남산지구대","053-420-1304","대구광역시 중구 달구벌대로 2048","7","2026-10-02 Lost112 orgNm=남산지구대; tel=0534201304; method=phone; Kakao address delta=1.6m"
"police_api","남산지구대","O0001312","substation:1001","천안동남남산지구대","041-590-2673","충청남도 천안시 동남구 충무로 437","9","2026-10-02 Lost112 orgNm=천안동남경찰서; tel=0415902345; method=parent_name; Kakao address delta=0.0m"
"police_api","남산지구대","O0001315","substation:1001","천안동남남산지구대","041-590-2673","충청남도 천안시 동남구 충무로 437","7","2026-10-02 Lost112 orgNm=남산지구대; tel=0415902673; method=phone; Kakao address delta=0.0m"
"police_api","남산파출소","O0001074","substation:1734","춘천남산파출소","033-245-0781","강원특별자치도 춘천시 남산면 한치로 77","1","2026-10-02 Lost112 orgNm=춘천경찰서; tel=0332450362; method=parent_name; Kakao address delta=0.0m"
"police_api","남양파출소","O0000871","substation:844","화성서부남양파출소","031-5183-1602","경기도 화성시 남양읍 남양시장로 47","4","2026-10-02 Lost112 orgNm=화성서부경찰서; tel=0313799357; method=parent_name; Kakao address delta=0.0m"
"police_api","남양파출소","O0000872","substation:844","화성서부남양파출소","031-5183-1602","경기도 화성시 남양읍 남양시장로 47","1","2026-10-02 Lost112 orgNm=남양파출소; tel=03151831602; method=phone; Kakao address delta=0.0m"
"police_api","내동지구대","O0000680","substation:519","대전서부내동지구대","042-600-3002","대전광역시 서구 갈마로 246","1","2026-10-02 Lost112 orgNm=내동지구대; tel=0426003002; method=phone; Kakao address delta=0.0m"
"police_api","내동지구대","O0000808","substation:649","부천오정내동지구대","032-670-2100","경기도 부천시 신흥로 411","2","2026-10-02 Lost112 orgNm=부천오정경찰서; tel=0326702250; method=parent_name; Kakao address delta=0.3m"
"police_api","내동지구대","O0000809","substation:649","부천오정내동지구대","032-670-2100","경기도 부천시 신흥로 411","4","2026-10-02 Lost112 orgNm=내동지구대; tel=0326702100; method=phone; Kakao address delta=0.3m"
"police_api","대곡파출소","O0000519","substation:381","대구달서대곡파출소","053-662-6333","대구광역시 달서구 갈밭로 51","5","2026-10-02 Lost112 orgNm=대구달서경찰서; tel=0536626357; method=parent_name; Kakao address delta=7.8m"
"police_api","대곡파출소","O0002928","substation:381","대구달서대곡파출소","053-662-6333","대구광역시 달서구 갈밭로 51","5","2026-10-02 Lost112 orgNm=대곡파출소; tel=0536626333; method=phone; Kakao address delta=7.8m"
"police_api","대덕파출소","O0000934","substation:818","안성대덕파출소","031-8046-0646","경기도 안성시 대덕면 중앙로 78","2","2026-10-02 Lost112 orgNm=안성경찰서; tel=03180460447; method=parent_name; Kakao address delta=5.0m"
"police_api","대산파출소","O0001552","substation:1975","고창대산파출소","063-562-8112","전북특별자치도 고창군 대산면 고산성로 4","1","2026-10-02 Lost112 orgNm=대산파출소; tel=0635628112; method=phone; Kakao address delta=1.3m"
"police_api","대신파출소","O0002395","substation:1716","서귀포대신파출소","064-739-2226","제주특별자치도 서귀포시 신서귀로51번길 18","3","2026-10-02 Lost112 orgNm=서귀포경찰서; tel=0647605395; method=parent_name; Kakao address delta=0.0m"
"police_api","대신파출소","O0002397","substation:1716","서귀포대신파출소","064-739-2226","제주특별자치도 서귀포시 신서귀로51번길 18","6","2026-10-02 Lost112 orgNm=대신파출소; tel=0647392226; method=phone; Kakao address delta=0.0m"
"police_api","대야파출소","O0000768","substation:756","군포대야파출소","031-438-1125","경기도 군포시 대야1로24번길 4","3","2026-10-02 Lost112 orgNm=군포경찰서; tel=0313909347; method=parent_name; Kakao address delta=0.0m"
"police_api","대왕파출소","O0000260","substation:216","서울수서대왕파출소","02-3411-0323","서울특별시 강남구 헌릉로 623","11","2026-10-02 Lost112 orgNm=서울수서경찰서; tel=0221559153; method=parent_name; Kakao address delta=0.0m"
"police_api","대왕파출소","O0000266","substation:216","서울수서대왕파출소","02-3411-0323","서울특별시 강남구 헌릉로 623","3","2026-10-02 Lost112 orgNm=대왕파출소; tel=0234110323; method=phone; Kakao address delta=0.0m"
"police_api","덕산지구대","O0001297","substation:979","진천덕산지구대","043-536-4112","충청북도 진천군 덕산읍 덕금로 803","1","2026-10-02 Lost112 orgNm=진천경찰서; tel=0435315347; method=parent_name; Kakao address delta=0.0m"
"police_api","덕산지구대","O0001301","substation:979","진천덕산지구대","043-536-4112","충청북도 진천군 덕산읍 덕금로 803","1","2026-10-02 Lost112 orgNm=덕산지구대; tel=0435364112; method=phone; Kakao address delta=0.0m"
"police_api","덕산지구대","O0002253","substation:1559","진해덕산지구대","055-549-8301","경상남도 창원시 진해구 덕산로36번길 9","2","2026-10-02 Lost112 orgNm=진해경찰서; tel=0555498342; method=parent_name; Kakao address delta=0.0m"
"police_api","덕산지구대","O0002254","substation:1559","진해덕산지구대","055-549-8301","경상남도 창원시 진해구 덕산로36번길 9","1","2026-10-02 Lost112 orgNm=덕산지구대; tel=0555498301; method=phone; Kakao address delta=0.0m"
"police_api","덕산파출소","O0000042","substation:15","서울혜화덕산파출소","02-763-6843","서울특별시 종로구 창신길 98","3","2026-10-02 Lost112 orgNm=서울혜화경찰서; tel=0231587435; method=parent_name; Kakao address delta=0.0m"
"police_api","덕산파출소","O0001871","substation:1322","포항북부덕산파출소","054-250-4726","경상북도 포항시 북구 중앙로 352","1","2026-10-02 Lost112 orgNm=포항북부경찰서; tel=0542500359; method=parent_name; Kakao address delta=0.0m"
"police_api","덕산파출소","O0001877","substation:1322","포항북부덕산파출소","054-250-4726","경상북도 포항시 북구 중앙로 352","1","2026-10-02 Lost112 orgNm=덕산파출소; tel=0542504726; method=phone; Kakao address delta=0.0m"
"police_api","동부지구대","O0001086","substation:1747","강릉동부지구대","033-650-9722","강원특별자치도 강릉시 경강로 2439","11","2026-10-02 Lost112 orgNm=강릉경찰서; tel=0336509657; method=parent_name; Kakao address delta=0.4m"
"police_api","동부지구대","O0001088","substation:1747","강릉동부지구대","033-650-9722","강원특별자치도 강릉시 경강로 2439","3","2026-10-02 Lost112 orgNm=동부지구대; tel=0336509722; method=phone; Kakao address delta=0.4m"
"police_api","동부지구대","O0001984","substation:1407","영주동부지구대","054-633-0124","경상북도 영주시 원당로 228","1","2026-10-02 Lost112 orgNm=영주경찰서; tel=0546390347; method=parent_name; Kakao address delta=0.0m"
"police_api","동부지구대","O0001999","substation:1412","영천동부지구대","054-334-3721","경상북도 영천시 창신2길 13","1","2026-10-02 Lost112 orgNm=영천경찰서; tel=0543391358; method=parent_name; Kakao address delta=0.0m"
"police_api","동부지구대","O0002002","substation:1412","영천동부지구대","054-334-3721","경상북도 영천시 창신2길 13","2","2026-10-02 Lost112 orgNm=동부지구대; tel=0543343721; method=phone; Kakao address delta=0.0m"
"police_api","동부파출소","O0000883","substation:768","용인동부동부파출소","031-260-0418","경기도 용인시 처인구 경안천로 16","8","2026-10-02 Lost112 orgNm=용인동부경찰서; tel=0312600349; method=parent_name; Kakao address delta=0.0m"
"police_api","동부파출소","O0000886","substation:768","용인동부동부파출소","031-260-0418","경기도 용인시 처인구 경안천로 16","10","2026-10-02 Lost112 orgNm=동부파출소; tel=0312600418; method=phone; Kakao address delta=0.0m"
"police_api","동부파출소","O0001321","substation:1044","서산동부파출소","041-664-4112","충청남도 서산시 홍천로 20","2","2026-10-02 Lost112 orgNm=서산경찰서; tel=0416899327; method=parent_name; Kakao address delta=0.0m"
"police_api","동부파출소","O0001926","substation:1447","경산동부파출소","053-770-0115","경상북도 경산시 계양로 44","5","2026-10-02 Lost112 orgNm=경산경찰서; tel=0537700182; method=parent_name; Kakao address delta=0.0m"
"police_api","동부파출소","O0002278","substation:1618","거제동부파출소","055-633-2112","경상남도 거제시 동부면 거제남서로 3118","1","2026-10-02 Lost112 orgNm=거제경찰서; tel=0556390347; method=parent_name; Kakao address delta=0.0m"
"police_api","동천파출소","O0000625","substation:477","광주서부동천파출소","062-523-1113","광주광역시 서구 유림로98번길 6","8","2026-10-02 Lost112 orgNm=광주서부경찰서; tel=0625704359; method=parent_name; Kakao address delta=0.0m"
"police_api","동천파출소","O0000630","substation:477","광주서부동천파출소","062-523-1113","광주광역시 서구 유림로98번길 6","5","2026-10-02 Lost112 orgNm=동천파출소; tel=0625231113; method=phone; Kakao address delta=0.0m"
"police_api","동천파출소","O0001846","substation:1343","경주동천파출소","054-741-0112","경상북도 경주시 탈해로 65","2","2026-10-02 Lost112 orgNm=경주경찰서; tel=0547600379; method=parent_name; Kakao address delta=0.0m"
"police_api","마산지구대","O0000926","substation:827","김포마산지구대","031-950-2550","경기도 김포시 김포한강8로 176","12","2026-10-02 Lost112 orgNm=김포경찰서; tel=0319502441; method=parent_name; Kakao address delta=0.7m"
"police_api","마천파출소","O0000227","substation:228","서울송파마천파출소","02-3402-6306","서울특별시 송파구 마천로41길 8","3","2026-10-02 Lost112 orgNm=마천파출소; tel=0234026306; method=phone; Kakao address delta=0.0m"
"police_api","반송파출소","O0000364","substation:285","부산해운대반송파출소","051-665-0190","부산광역시 해운대구 신반송로 177","7","2026-10-02 Lost112 orgNm=부산해운대경찰서; tel=0516650227; method=parent_name; Kakao address delta=0.0m"
"police_api","반송파출소","O0000377","substation:285","부산해운대반송파출소","051-665-0190","부산광역시 해운대구 신반송로 177","4","2026-10-02 Lost112 orgNm=반송파출소; tel=0516650190; method=phone; Kakao address delta=0.0m"
"police_api","반송파출소","O0002185","substation:1538","창원중부반송파출소","055-282-0112","경상남도 창원시 성산구 원이대로473번길 17","9","2026-10-02 Lost112 orgNm=창원중부경찰서; tel=0552330279; method=parent_name; Kakao address delta=5.0m"
"police_api","반송파출소","O0002190","substation:1538","창원중부반송파출소","055-282-0112","경상남도 창원시 성산구 원이대로473번길 17","2","2026-10-02 Lost112 orgNm=반송파출소; tel=0552820112; method=phone; Kakao address delta=5.0m"
"police_api","반월파출소","O0000828","substation:686","안산상록반월파출소","031-437-0112","경기도 안산시 상록구 건건로 47","5","2026-10-02 Lost112 orgNm=안산상록경찰서; tel=03180402150; method=parent_name; Kakao address delta=0.0m"
"police_api","반월파출소","O0003166","substation:836","화성동탄반월파출소","031-369-1466","경기도 화성시 영통로27번길 25-19","2","2026-10-02 Lost112 orgNm=화성동탄경찰서; tel=0316391147; method=parent_name; Kakao address delta=1.6m"
"police_api","방학파출소","O0000254","substation:100","서울도봉방학파출소","02-2289-9833","서울특별시 도봉구 도봉로145길 45","2","2026-10-02 Lost112 orgNm=방학파출소; tel=0222899833; method=phone; Kakao address delta=0.0m"
"police_api","백운파출소","O0000569","substation:432","인천부평백운파출소","032-363-1005","인천광역시 부평구 마장로 84","1","2026-10-02 Lost112 orgNm=백운파출소; tel=0323631005; method=phone; Kakao address delta=0.1m"
"police_api","본동파출소","O0000706","substation:545","울산남부본동파출소","052-274-0112","울산광역시 남구 화합로194번길 17","9","2026-10-02 Lost112 orgNm=울산남부경찰서; tel=0522080858; method=parent_name; Kakao address delta=0.0m"
"police_api","본동파출소","O0000712","substation:545","울산남부본동파출소","052-274-0112","울산광역시 남구 화합로194번길 17","5","2026-10-02 Lost112 orgNm=본동파출소; tel=0522740112; method=phone; Kakao address delta=0.0m"
"police_api","봉산파출소","O0001636","substation:1126","여수봉산파출소","061-642-6112","전라남도 여수시 어항로 43","13","2026-10-02 Lost112 orgNm=여수경찰서; tel=0616608750; method=parent_name; Kakao address delta=0.8m"
"police_api","봉산파출소","O0001638","substation:1126","여수봉산파출소","061-642-6112","전라남도 여수시 어항로 43","10","2026-10-02 Lost112 orgNm=봉산파출소; tel=0616426112; method=phone; Kakao address delta=0.8m"
"police_api","봉양파출소","O0001242","substation:955","제천봉양파출소","043-641-8750","충청북도 제천시 봉양읍 북부로 1455","1","2026-10-02 Lost112 orgNm=봉양파출소; tel=0436418750; method=phone; Kakao address delta=1.0m"
"police_api","부곡파출소","O0000828","substation:682","안산상록부곡파출소","031-416-0112","경기도 안산시 상록구 성호로 324","4","2026-10-02 Lost112 orgNm=안산상록경찰서; tel=03180402150; method=parent_name; Kakao address delta=0.0m"
"police_api","부곡파출소","O0000833","substation:682","안산상록부곡파출소","031-416-0112","경기도 안산시 상록구 성호로 324","2","2026-10-02 Lost112 orgNm=부곡파출소; tel=0314160112; method=phone; Kakao address delta=0.0m"
"police_api","부곡파출소","O0000970","substation:757","의왕부곡파출소","031-8086-0136","경기도 의왕시 한백이길 3","2","2026-10-02 Lost112 orgNm=부곡파출소; tel=03180860136; method=phone; Kakao address delta=0.0m"
"police_api","북면파출소","O0002192","substation:1533","창원서부북면파출소","055-298-0112","경상남도 창원시 의창구 북면 천주로 1127","1","2026-10-02 Lost112 orgNm=창원서부경찰서; tel=0552900261; method=parent_name; Kakao address delta=0.0m"
"police_api","북부지구대","O0001086","substation:1749","강릉북부지구대","033-662-2112","강원특별자치도 강릉시 주문진읍 주문로 130","3","2026-10-02 Lost112 orgNm=강릉경찰서; tel=0336509657; method=parent_name; Kakao address delta=0.7m"
"police_api","북부지구대","O0001963","substation:1360","김천북부지구대","054-435-3148","경상북도 김천시 대학로 129","2","2026-10-02 Lost112 orgNm=김천경찰서; tel=0544293237; method=parent_name; Kakao address delta=0.0m"
"police_api","북부지구대","O0001968","substation:1360","김천북부지구대","054-435-3148","경상북도 김천시 대학로 129","2","2026-10-02 Lost112 orgNm=북부지구대; tel=0544353148; method=phone; Kakao address delta=0.0m"
"police_api","북삼지구대","O0001108","substation:1752","동해북삼지구대","033-539-3355","강원특별자치도 동해시 효자남길 33-8","2","2026-10-02 Lost112 orgNm=동해경찰서; tel=0335393261; method=parent_name; Kakao address delta=0.3m"
"police_api","북삼지구대","O0002050","substation:1497","칠곡북삼지구대","054-972-0112","경상북도 칠곡군 북삼읍 인평1길 2","1","2026-10-02 Lost112 orgNm=칠곡경찰서; tel=0549700277; method=parent_name; Kakao address delta=0.0m"
"police_api","북평파출소","O0001108","substation:1754","동해북평파출소","033-539-3345","강원특별자치도 동해시 대동로 132","1","2026-10-02 Lost112 orgNm=동해경찰서; tel=0335393261; method=parent_name; Kakao address delta=0.4m"
"police_api","비봉파출소","O0000871","substation:846","화성서부비봉파출소","031-5183-1672","경기도 화성시 비봉면 양노로 56","2","2026-10-02 Lost112 orgNm=화성서부경찰서; tel=0313799357; method=parent_name; Kakao address delta=0.0m"
"police_api","비봉파출소","O0000882","substation:846","화성서부비봉파출소","031-5183-1672","경기도 화성시 비봉면 양노로 56","1","2026-10-02 Lost112 orgNm=비봉파출소; tel=03151831672; method=phone; Kakao address delta=0.0m"
"police_api","사북파출소","O0001142","substation:1796","정선사북파출소","033-560-5275","강원특별자치도 정선군 사북읍 사북중앙로 49","5","2026-10-02 Lost112 orgNm=정선경찰서; tel=0335605350; method=parent_name; Kakao address delta=0.6m"
"police_api","산내파출소","O0000671","substation:511","대전동부산내파출소","042-600-2175","대전광역시 동구 산내로 1332","2","2026-10-02 Lost112 orgNm=대전동부경찰서; tel=0426002845; method=parent_name; Kakao address delta=0.0m"
"police_api","산내파출소","O0001509","substation:1911","남원산내파출소","063-636-3112","전북특별자치도 남원시 산내면 대정길 119","1","2026-10-02 Lost112 orgNm=남원경찰서; tel=0636300344; method=parent_name; Kakao address delta=0.0m"
"police_api","삼계파출소","O0002208","substation:1554","마산동부삼계파출소","055-231-0112","경상남도 창원시 마산회원구 내서읍 삼계로 32","6","2026-10-02 Lost112 orgNm=마산동부경찰서; tel=0552337389; method=parent_name; Kakao address delta=1.0m"
"police_api","삼계파출소","O0002212","substation:1554","마산동부삼계파출소","055-231-0112","경상남도 창원시 마산회원구 내서읍 삼계로 32","7","2026-10-02 Lost112 orgNm=삼계파출소; tel=0552310112; method=phone; Kakao address delta=1.0m"
"police_api","삼산파출소","O0001655","substation:1141","순천삼산파출소","061-755-0990","전라남도 순천시 환선로 126-16","7","2026-10-02 Lost112 orgNm=순천경찰서; tel=0617590178; method=parent_name; Kakao address delta=0.8m"
"police_api","삼성파출소","O0001289","substation:993","음성삼성파출소","043-878-5112","충청북도 음성군 삼성면 덕정로 111","2","2026-10-02 Lost112 orgNm=음성경찰서; tel=0438707350; method=parent_name; Kakao address delta=0.0m"
"police_api","삼성파출소","O0002243","substation:1624","양산삼성파출소","055-384-0112","경상남도 양산시 북정11길 4","2","2026-10-02 Lost112 orgNm=양산경찰서; tel=0553920170; method=parent_name; Kakao address delta=0.0m"
"police_api","상대지구대","O0001889","substation:1310","포항남부상대지구대","054-240-8131","경상북도 포항시 남구 상공로 84","17","2026-10-02 Lost112 orgNm=포항남부경찰서; tel=0542408347; method=parent_name; Kakao address delta=0.0m"
"police_api","상대지구대","O0001891","substation:1310","포항남부상대지구대","054-240-8131","경상북도 포항시 남구 상공로 84","3","2026-10-02 Lost112 orgNm=상대지구대; tel=0542408131; method=phone; Kakao address delta=0.0m"
"police_api","상대지구대","O0002216","substation:1564","진주상대지구대","055-754-0113","경상남도 진주시 동진로 263","3","2026-10-02 Lost112 orgNm=진주경찰서; tel=0557500345; method=parent_name; Kakao address delta=0.0m"
"police_api","상대지구대","O0002218","substation:1564","진주상대지구대","055-754-0113","경상남도 진주시 동진로 263","2","2026-10-02 Lost112 orgNm=상대지구대; tel=0557540113; method=phone; Kakao address delta=0.0m"
"police_api","상동지구대","O0000511","substation:366","대구수성상동지구대","053-600-6312","대구광역시 수성구 들안로 54","17","2026-10-02 Lost112 orgNm=대구수성경찰서; tel=0536006357; method=parent_name; Kakao address delta=0.0m"
"police_api","상동지구대","O0000800","substation:642","부천원미상동지구대","032-680-6825","경기도 부천시 상일로 99","8","2026-10-02 Lost112 orgNm=부천원미경찰서; tel=0326807307; method=parent_name; Kakao address delta=5.8m"
"police_api","상동지구대","O0000803","substation:642","부천원미상동지구대","032-680-6825","경기도 부천시 상일로 99","6","2026-10-02 Lost112 orgNm=상동지구대; tel=0326806825; method=phone; Kakao address delta=5.8m"
"police_api","상동지구대","O0001493","substation:1887","정읍상동지구대","063-535-3586","전북특별자치도 정읍시 상사3길 22","3","2026-10-02 Lost112 orgNm=정읍경찰서; tel=0635700344; method=parent_name; Kakao address delta=0.1m"
"police_api","상동지구대","O0001495","substation:1887","정읍상동지구대","063-535-3586","전북특별자치도 정읍시 상사3길 22","3","2026-10-02 Lost112 orgNm=상동지구대; tel=0635353586; method=phone; Kakao address delta=0.1m"
"police_api","상동파출소","O0001610","substation:1119","목포상동파출소","061-276-0112","전라남도 목포시 영산로 495-2","2","2026-10-02 Lost112 orgNm=목포경찰서; tel=0612700244; method=parent_name; Kakao address delta=0.1m"
"police_api","상동파출소","O0001615","substation:1119","목포상동파출소","061-276-0112","전라남도 목포시 영산로 495-2","2","2026-10-02 Lost112 orgNm=상동파출소; tel=0612760112; method=phone; Kakao address delta=0.1m"
"police_api","상리파출소","O0001194","substation:1810","양구상리파출소","033-481-3112","강원특별자치도 양구군 양구읍 택지길 74-45","1","2026-10-02 Lost112 orgNm=양구경찰서; tel=0334809347; method=parent_name; Kakao address delta=0.0m"
"police_api","상북파출소","O0002243","substation:1630","양산상북파출소","055-375-0112","경상남도 양산시 상북면 상북중앙로 394","1","2026-10-02 Lost112 orgNm=양산경찰서; tel=0553920170; method=parent_name; Kakao address delta=0.0m"
"police_api","서림지구대","O0001558","substation:1978","부안서림지구대","063-584-2271","전북특별자치도 부안군 부안읍 석정로 154","1","2026-10-02 Lost112 orgNm=부안경찰서; tel=0635800347; method=parent_name; Kakao address delta=3.0m"
"police_api","서면파출소","O0001119","substation:1824","속초서면파출소","033-672-0112","강원특별자치도 양양군 서면 물윗구미길 9","1","2026-10-02 Lost112 orgNm=속초경찰서; tel=0336340345; method=parent_name; Kakao address delta=0.7m"
"police_api","서문지구대","O0000470","substation:333","대구중부서문지구대","053-420-1302","대구광역시 중구 국채보상로99길 12","3","2026-10-02 Lost112 orgNm=대구중부경찰서; tel=0534201347; method=parent_name; Kakao address delta=0.0m"
"police_api","서문지구대","O0000472","substation:333","대구중부서문지구대","053-420-1302","대구광역시 중구 국채보상로99길 12","2","2026-10-02 Lost112 orgNm=서문지구대; tel=0534201302; method=phone; Kakao address delta=0.0m"
"police_api","서부지구대","O0001074","substation:1726","춘천서부지구대","033-245-0731","강원특별자치도 춘천시 영서로 2414","9","2026-10-02 Lost112 orgNm=춘천경찰서; tel=0332450362; method=parent_name; Kakao address delta=0.6m"
"police_api","서부지구대","O0001077","substation:1726","춘천서부지구대","033-245-0731","강원특별자치도 춘천시 영서로 2414","9","2026-10-02 Lost112 orgNm=서부지구대; tel=0332450731; method=phone; Kakao address delta=0.6m"
"police_api","서부지구대","O0001086","substation:1746","강릉서부지구대","033-650-9753","강원특별자치도 강릉시 하슬라로 223","10","2026-10-02 Lost112 orgNm=강릉경찰서; tel=0336509657; method=parent_name; Kakao address delta=1.1m"
"police_api","서부지구대","O0001321","substation:1045","서산서부지구대","041-669-2112","충청남도 서산시 호수공원11로 31","16","2026-10-02 Lost112 orgNm=서산경찰서; tel=0416899327; method=parent_name; Kakao address delta=0.0m"
"police_api","서부지구대","O0001435","substation:1834","전주완산서부지구대","063-280-0689","전북특별자치도 전주시 완산구 마전들로 1","5","2026-10-02 Lost112 orgNm=전주완산경찰서; tel=0632800311; method=parent_name; Kakao address delta=3.7m"
"police_api","서부지구대","O0001443","substation:1834","전주완산서부지구대","063-280-0689","전북특별자치도 전주시 완산구 마전들로 1","5","2026-10-02 Lost112 orgNm=서부지구대; tel=0632800689; method=phone; Kakao address delta=3.7m"
"police_api","서부지구대","O0001926","substation:1445","경산서부지구대","053-770-0111","경상북도 경산시 성암로 27","8","2026-10-02 Lost112 orgNm=경산경찰서; tel=0537700182; method=parent_name; Kakao address delta=0.0m"
"police_api","서부지구대","O0001963","substation:1361","김천서부지구대","054-437-3148","경상북도 김천시 송설로 106","3","2026-10-02 Lost112 orgNm=김천경찰서; tel=0544293237; method=parent_name; Kakao address delta=0.0m"
"police_api","서부지구대","O0001967","substation:1361","김천서부지구대","054-437-3148","경상북도 김천시 송설로 106","1","2026-10-02 Lost112 orgNm=서부지구대; tel=0544373148; method=phone; Kakao address delta=0.0m"
"police_api","성당파출소","O0000524","substation:369","대구성서성당파출소","053-609-0313","대구광역시 달서구 구마로39길 83-16","9","2026-10-02 Lost112 orgNm=대구성서경찰서; tel=0536090357; method=parent_name; Kakao address delta=0.0m"
"police_api","성당파출소","O0000529","substation:369","대구성서성당파출소","053-609-0313","대구광역시 달서구 구마로39길 83-16","1","2026-10-02 Lost112 orgNm=성당파출소; tel=0536090313; method=phone; Kakao address delta=0.0m"
"police_api","성산파출소","O0002395","substation:1722","서귀포성산파출소","064-782-2112","제주특별자치도 서귀포시 성산읍 성산중앙로 53","3","2026-10-02 Lost112 orgNm=서귀포경찰서; tel=0647605395; method=parent_name; Kakao address delta=0.0m"
"police_api","성산파출소","O0002398","substation:1722","서귀포성산파출소","064-782-2112","제주특별자치도 서귀포시 성산읍 성산중앙로 53","5","2026-10-02 Lost112 orgNm=성산파출소; tel=0647822112; method=phone; Kakao address delta=0.0m"
"police_api","송내지구대","O0000796","substation:645","부천소사송내지구대","032-456-0185","경기도 부천시 성주로 147","7","2026-10-02 Lost112 orgNm=부천소사경찰서; tel=0324560149; method=parent_name; Kakao address delta=0.0m"
"police_api","송내지구대","O0000797","substation:645","부천소사송내지구대","032-456-0185","경기도 부천시 성주로 147","5","2026-10-02 Lost112 orgNm=송내지구대; tel=0324560185; method=phone; Kakao address delta=0.0m"
"police_api","송산파출소","O0000871","substation:848","화성서부송산파출소","031-5183-1652","경기도 화성시 송산면 송산포도로 98","1","2026-10-02 Lost112 orgNm=화성서부경찰서; tel=0313799357; method=parent_name; Kakao address delta=0.0m"
"police_api","송산파출소","O0001378","substation:1066","당진송산파출소","041-360-4306","충청남도 당진시 송산면 상거중앙길 59","1","2026-10-02 Lost112 orgNm=송산파출소; tel=0413604306; method=phone; Kakao address delta=0.0m"
"police_api","송정파출소","O0000364","substation:292","부산해운대송정파출소","051-665-0196","부산광역시 해운대구 송정중앙로8번길 65","3","2026-10-02 Lost112 orgNm=부산해운대경찰서; tel=0516650227; method=parent_name; Kakao address delta=0.0m"
"police_api","송정파출소","O0000379","substation:292","부산해운대송정파출소","051-665-0196","부산광역시 해운대구 송정중앙로8번길 65","2","2026-10-02 Lost112 orgNm=송정파출소; tel=0516650196; method=phone; Kakao address delta=0.0m"
"police_api","수동파출소","O0001008","substation:735","남양주남부수동파출소","031-593-6112","경기도 남양주시 수동면 비룡로 808","2","2026-10-02 Lost112 orgNm=수동파출소; tel=0315936112; method=phone; Kakao address delta=0.0m"
"police_api","신북파출소","O0001043","substation:877","포천신북파출소","031-534-4112","경기도 포천시 신북면 호국로 2059","2","2026-10-02 Lost112 orgNm=포천경찰서; tel=0315398349; method=parent_name; Kakao address delta=0.0m"
"police_api","신북파출소","O0001074","substation:1731","춘천신북파출소","033-245-0771","강원특별자치도 춘천시 신북읍 율문길 79","1","2026-10-02 Lost112 orgNm=춘천경찰서; tel=0332450362; method=parent_name; Kakao address delta=0.0m"
"police_api","신사지구대","O0000124","substation:119","서울서부신사지구대","02-335-9810","서울특별시 은평구 은평터널로5길 6","6","2026-10-02 Lost112 orgNm=서울서부경찰서; tel=023359147; method=parent_name; Kakao address delta=0.0m"
"police_api","신사지구대","O0000126","substation:119","서울서부신사지구대","02-335-9810","서울특별시 은평구 은평터널로5길 6","4","2026-10-02 Lost112 orgNm=신사지구대; tel=023359810; method=phone; Kakao address delta=0.0m"
"police_api","신사지구대","O0000162","substation:192","서울관악신사지구대","02-870-0880","서울특별시 관악구 신사로 106","7","2026-10-02 Lost112 orgNm=서울관악경찰서; tel=028700347; method=parent_name; Kakao address delta=0.0m"
"police_api","신사지구대","O0000170","substation:192","서울관악신사지구대","02-870-0880","서울특별시 관악구 신사로 106","8","2026-10-02 Lost112 orgNm=신사지구대; tel=028700880; method=phone; Kakao address delta=0.0m"
"police_api","신안파출소","O0001312","substation:1005","천안동남신안파출소","041-590-2674","충청남도 천안시 동남구 중앙로 217","14","2026-10-02 Lost112 orgNm=천안동남경찰서; tel=0415902345; method=parent_name; Kakao address delta=0.0m"
"police_api","신안파출소","O0001314","substation:1005","천안동남신안파출소","041-590-2674","충청남도 천안시 동남구 중앙로 217","4","2026-10-02 Lost112 orgNm=신안파출소; tel=0415902674; method=phone; Kakao address delta=0.0m"
"police_api","신평파출소","O0000410","substation:295","부산사하신평파출소","051-204-2924","부산광역시 사하구 하신중앙로 171","8","2026-10-02 Lost112 orgNm=부산사하경찰서; tel=0512902349; method=parent_name; Kakao address delta=0.0m"
"police_api","신평파출소","O0000421","substation:295","부산사하신평파출소","051-204-2924","부산광역시 사하구 하신중앙로 171","3","2026-10-02 Lost112 orgNm=신평파출소; tel=0512042924; method=phone; Kakao address delta=0.0m"
"police_api","신평파출소","O0001373","substation:1065","당진신평파출소","041-360-4304","충청남도 당진시 신평면 신평로 840","4","2026-10-02 Lost112 orgNm=당진경찰서; tel=0413604152; method=parent_name; Kakao address delta=0.0m"
"police_api","신평파출소","O0001905","substation:1393","구미신평파출소","054-450-3119","경상북도 구미시 칠성로2길 32","3","2026-10-02 Lost112 orgNm=구미경찰서; tel=0544500811; method=parent_name; Kakao address delta=0.2m"
"police_api","신평파출소","O0001913","substation:1393","구미신평파출소","054-450-3119","경상북도 구미시 칠성로2길 32","3","2026-10-02 Lost112 orgNm=신평파출소; tel=0544503119; method=phone; Kakao address delta=0.2m"
"police_api","신흥지구대","O0000772","substation:596","성남수정신흥지구대","031-750-4030","경기도 성남시 수정구 시민로 150","8","2026-10-02 Lost112 orgNm=성남수정경찰서; tel=0317504147; method=parent_name; Kakao address delta=0.0m"
"police_api","신흥지구대","O0000777","substation:596","성남수정신흥지구대","031-750-4030","경기도 성남시 수정구 시민로 150","3","2026-10-02 Lost112 orgNm=신흥지구대; tel=0317504030; method=phone; Kakao address delta=0.0m"
"police_api","아미파출소","O0000335","substation:245","부산서부아미파출소","051-256-0823","부산광역시 서구 해돋이로 267","1","2026-10-02 Lost112 orgNm=부산서부경찰서; tel=0515401113; method=parent_name; Kakao address delta=0.0m"
"police_api","아미파출소","O0000913","substation:804","이천아미파출소","031-636-0112","경기도 이천시 부발읍 경충대로 2154","4","2026-10-02 Lost112 orgNm=이천경찰서; tel=0316450309; method=parent_name; Kakao address delta=0.0m"
"police_api","안덕파출소","O0002151","substation:1467","청송안덕파출소","054-872-0112","경상북도 청송군 안덕면 안덕로 95","1","2026-10-02 Lost112 orgNm=안덕파출소; tel=0548720112; method=phone; Kakao address delta=0.0m"
"police_api","안덕파출소","O0002395","substation:1723","서귀포안덕파출소","064-794-9112","제주특별자치도 서귀포시 안덕면 화순로 116","4","2026-10-02 Lost112 orgNm=서귀포경찰서; tel=0647605395; method=parent_name; Kakao address delta=0.0m"
"police_api","양촌파출소","O0000926","substation:831","김포양촌파출소","031-950-2340","경기도 김포시 양촌읍 양곡1로68번길 3","6","2026-10-02 Lost112 orgNm=김포경찰서; tel=0319502441; method=parent_name; Kakao address delta=0.0m"
"police_api","양촌파출소","O0001347","substation:1056","논산양촌파출소","041-741-2112","충청남도 논산시 양촌면 황산벌로 428","2","2026-10-02 Lost112 orgNm=논산경찰서; tel=0417463761; method=parent_name; Kakao address delta=0.0m"
"police_api","역전지구대","O0000564","substation:430","인천부평역전지구대","032-363-1001","인천광역시 부평구 광장로 6","21","2026-10-02 Lost112 orgNm=인천부평경찰서; tel=0323631125; method=parent_name; Kakao address delta=1.9m"
"police_api","역전지구대","O0000565","substation:430","인천부평역전지구대","032-363-1001","인천광역시 부평구 광장로 6","20","2026-10-02 Lost112 orgNm=역전지구대; tel=0323631001; method=phone; Kakao address delta=1.9m"
"police_api","역전지구대","O0001493","substation:1888","정읍역전지구대","063-536-3112","전북특별자치도 정읍시 서부산업도로 303","2","2026-10-02 Lost112 orgNm=정읍경찰서; tel=0635700344; method=parent_name; Kakao address delta=0.2m"
"police_api","역전지구대","O0002876","substation:1888","정읍역전지구대","063-536-3112","전북특별자치도 정읍시 서부산업도로 303","2","2026-10-02 Lost112 orgNm=역전지구대; tel=0635363112; method=phone; Kakao address delta=0.2m"
"police_api","역전파출소","O0001444","substation:1841","전주덕진역전파출소","063-246-8112","전북특별자치도 전주시 덕진구 동부대로 688","4","2026-10-02 Lost112 orgNm=전주덕진경찰서; tel=0637130347; method=parent_name; Kakao address delta=1.9m"
"police_api","역전파출소","O0001449","substation:1841","전주덕진역전파출소","063-246-8112","전북특별자치도 전주시 덕진구 동부대로 688","2","2026-10-02 Lost112 orgNm=역전파출소; tel=0632468112; method=phone; Kakao address delta=1.9m"
"police_api","역전파출소","O0001610","substation:1117","목포역전파출소","061-244-1475","전라남도 목포시 영산로 88-1","2","2026-10-02 Lost112 orgNm=목포경찰서; tel=0612700244; method=parent_name; Kakao address delta=0.1m"
"police_api","역전파출소","O0001612","substation:1117","목포역전파출소","061-244-1475","전라남도 목포시 영산로 88-1","2","2026-10-02 Lost112 orgNm=역전파출소; tel=0612441475; method=phone; Kakao address delta=0.1m"
"police_api","역전파출소","O0001655","substation:1142","순천역전파출소","061-744-7114","전라남도 순천시 팔마로 117","5","2026-10-02 Lost112 orgNm=순천경찰서; tel=0617590178; method=parent_name; Kakao address delta=0.3m"
"police_api","역전파출소","O0001660","substation:1142","순천역전파출소","061-744-7114","전라남도 순천시 팔마로 117","3","2026-10-02 Lost112 orgNm=역전파출소; tel=0617447114; method=phone; Kakao address delta=0.3m"
"police_api","역전파출소","O0002287","substation:1604","밀양역전파출소","055-350-0156","경상남도 밀양시 중앙로 60","2","2026-10-02 Lost112 orgNm=밀양경찰서; tel=0553500347; method=parent_name; Kakao address delta=0.0m"
"police_api","연동파출소","O0001610","substation:1113","목포연동파출소","061-276-1697","전라남도 목포시 영산로 259","6","2026-10-02 Lost112 orgNm=목포경찰서; tel=0612700244; method=parent_name; Kakao address delta=0.0m"
"police_api","연동파출소","O0001613","substation:1113","목포연동파출소","061-276-1697","전라남도 목포시 영산로 259","1","2026-10-02 Lost112 orgNm=연동파출소; tel=0612761697; method=phone; Kakao address delta=0.0m"
"police_api","연산파출소","O0000427","substation:315","부산연제연산파출소","051-864-3867","부산광역시 연제구 연수로 207-1","8","2026-10-02 Lost112 orgNm=부산연제경찰서; tel=0517505817; method=parent_name; Kakao address delta=0.0m"
"police_api","연산파출소","O0000434","substation:315","부산연제연산파출소","051-864-3867","부산광역시 연제구 연수로 207-1","2","2026-10-02 Lost112 orgNm=연산파출소; tel=0518643867; method=phone; Kakao address delta=0.0m"
"police_api","연산파출소","O0001352","substation:1055","논산연산파출소","041-735-0112","충청남도 논산시 연산면 선비로275번길 28","1","2026-10-02 Lost112 orgNm=연산파출소; tel=0417350112; method=phone; Kakao address delta=0.0m"
"police_api","연수지구대","O0000592","substation:415","인천연수연수지구대","032-453-0810","인천광역시 연수구 함박뫼로 11-8","5","2026-10-02 Lost112 orgNm=인천연수경찰서; tel=0324530292; method=parent_name; Kakao address delta=0.0m"
"police_api","연수지구대","O0000593","substation:415","인천연수연수지구대","032-453-0810","인천광역시 연수구 함박뫼로 11-8","5","2026-10-02 Lost112 orgNm=연수지구대; tel=0324530810; method=phone; Kakao address delta=0.0m"
"police_api","연수지구대","O0001221","substation:943","충주연수지구대","043-852-1113","충청북도 충주시 연수서편2길 8","10","2026-10-02 Lost112 orgNm=충주경찰서; tel=0438806127; method=parent_name; Kakao address delta=0.0m"
"police_api","연수지구대","O0001222","substation:943","충주연수지구대","043-852-1113","충청북도 충주시 연수서편2길 8","17","2026-10-02 Lost112 orgNm=연수지구대; tel=0438521113; method=phone; Kakao address delta=0.0m"
"police_api","오천파출소","O0001364","substation:1030","보령오천파출소","041-932-4112","충청남도 보령시 오천면 소성안길 50","1","2026-10-02 Lost112 orgNm=보령경찰서; tel=0419390344; method=parent_name; Kakao address delta=0.0m"
"police_api","오천파출소","O0001371","substation:1030","보령오천파출소","041-932-4112","충청남도 보령시 오천면 소성안길 50","1","2026-10-02 Lost112 orgNm=오천파출소; tel=0419324112; method=phone; Kakao address delta=0.0m"
"police_api","오천파출소","O0001889","substation:1317","포항남부오천파출소","054-240-8133","경상북도 포항시 남구 오천읍 정몽주로 547","1","2026-10-02 Lost112 orgNm=포항남부경찰서; tel=0542408347; method=parent_name; Kakao address delta=0.0m"
"police_api","옥동지구대","O0000706","substation:542","울산남부옥동지구대","052-273-8321","울산광역시 남구 대공원입구로21번길 16","7","2026-10-02 Lost112 orgNm=울산남부경찰서; tel=0522080858; method=parent_name; Kakao address delta=2.3m"
"police_api","옥동지구대","O0000710","substation:542","울산남부옥동지구대","052-273-8321","울산광역시 남구 대공원입구로21번길 16","5","2026-10-02 Lost112 orgNm=옥동지구대; tel=0522738321; method=phone; Kakao address delta=2.3m"
"police_api","옥동지구대","O0001940","substation:1376","안동옥동지구대","054-854-3401","경상북도 안동시 광명로 7","1","2026-10-02 Lost112 orgNm=안동경찰서; tel=0548509360; method=parent_name; Kakao address delta=0.0m"
"police_api","옥동지구대","O0003136","substation:1376","안동옥동지구대","054-854-3401","경상북도 안동시 광명로 7","1","2026-10-02 Lost112 orgNm=옥동지구대; tel=0548543401; method=phone; Kakao address delta=0.0m"
"police_api","옥산파출소","O0001211","substation:936","청주흥덕옥산파출소","043-270-3708","충청북도 청주시 흥덕구 옥산면 청주역로 662","1","2026-10-02 Lost112 orgNm=청주흥덕경찰서; tel=0432703347; method=parent_name; Kakao address delta=0.0m"
"police_api","온천지구대","O0000276","substation:269","부산동래온천지구대","051-555-0112","부산광역시 동래구 우장춘로 16","15","2026-10-02 Lost112 orgNm=부산동래경찰서; tel=0515597149; method=parent_name; Kakao address delta=8.7m"
"police_api","온천지구대","O0000285","substation:269","부산동래온천지구대","051-555-0112","부산광역시 동래구 우장춘로 16","10","2026-10-02 Lost112 orgNm=온천지구대; tel=0515550112; method=phone; Kakao address delta=8.7m"
"police_api","온천지구대","O0001336","substation:1035","아산온천지구대","041-538-0834","충청남도 아산시 삼동로16번길 7-11","10","2026-10-02 Lost112 orgNm=아산경찰서; tel=0415389347; method=parent_name; Kakao address delta=0.0m"
"police_api","용당파출소","O0000348","substation:275","부산남부용당파출소","051-610-8227","부산광역시 남구 신선로 318","4","2026-10-02 Lost112 orgNm=용당파출소; tel=0516108227; method=phone; Kakao address delta=0.0m"
"police_api","용당파출소","O0001610","substation:1122","목포용당파출소","061-276-1072","전라남도 목포시 양을로 239","1","2026-10-02 Lost112 orgNm=목포경찰서; tel=0612700244; method=parent_name; Kakao address delta=0.0m"
"police_api","용문파출소","O0000955","substation:919","양평용문파출소","031-770-9808","경기도 양평군 용문면 용문역길 71","2","2026-10-02 Lost112 orgNm=양평경찰서; tel=0317709147; method=parent_name; Kakao address delta=0.0m"
"police_api","우산지구대","O0000639","substation:487","광주북부우산지구대","062-264-8701","광주광역시 북구 중문로 63","14","2026-10-02 Lost112 orgNm=광주북부경찰서; tel=0626124289; method=parent_name; Kakao address delta=0.0m"
"police_api","우산지구대","O0000641","substation:487","광주북부우산지구대","062-264-8701","광주광역시 북구 중문로 63","3","2026-10-02 Lost112 orgNm=우산지구대; tel=0622648701; method=phone; Kakao address delta=0.0m"
"police_api","우산지구대","O0000650","substation:495","광주광산우산지구대","062-941-7002","광주광역시 광산구 사암로106번길 3","2","2026-10-02 Lost112 orgNm=광주광산경찰서; tel=0626023327; method=parent_name; Kakao address delta=0.5m"
"police_api","우산지구대","O0000652","substation:495","광주광산우산지구대","062-941-7002","광주광역시 광산구 사암로106번길 3","3","2026-10-02 Lost112 orgNm=우산지구대; tel=0629417002; method=phone; Kakao address delta=0.5m"
"police_api","원곡파출소","O0000818","substation:694","안산단원원곡파출소","031-495-0113","경기도 안산시 단원구 원곡공원로 30","6","2026-10-02 Lost112 orgNm=안산단원경찰서; tel=03180400147; method=parent_name; Kakao address delta=0.0m"
"police_api","원곡파출소","O0000822","substation:694","안산단원원곡파출소","031-495-0113","경기도 안산시 단원구 원곡공원로 30","3","2026-10-02 Lost112 orgNm=원곡파출소; tel=0314950113; method=phone; Kakao address delta=0.0m"
"police_api","원곡파출소","O0000934","substation:820","안성원곡파출소","031-653-3112","경기도 안성시 원곡면 가천중앙1길 44","1","2026-10-02 Lost112 orgNm=안성경찰서; tel=03180460447; method=parent_name; Kakao address delta=0.0m"
"police_api","월곡지구대","O0000191","substation:86","서울종암월곡지구대","02-3396-7684","서울특별시 성북구 종암로32길 5","4","2026-10-02 Lost112 orgNm=서울종암경찰서; tel=0233967347; method=parent_name; Kakao address delta=1.7m"
"police_api","월곡지구대","O0000650","substation:500","광주광산월곡지구대","062-951-0112","광주광역시 광산구 사암로390번길 13-16","4","2026-10-02 Lost112 orgNm=광주광산경찰서; tel=0626023327; method=parent_name; Kakao address delta=0.9m"
"police_api","월곡지구대","O0000653","substation:500","광주광산월곡지구대","062-951-0112","광주광역시 광산구 사암로390번길 13-16","3","2026-10-02 Lost112 orgNm=월곡지구대; tel=0629510112; method=phone; Kakao address delta=0.9m"
"police_api","위례파출소","O0000221","substation:225","서울송파위례파출소","02-3402-6300","서울특별시 송파구 위례순환로 369","10","2026-10-02 Lost112 orgNm=서울송파경찰서; tel=0234026448; method=parent_name; Kakao address delta=0.0m"
"police_api","위례파출소","O0000772","substation:604","성남수정성남위례파출소","031-750-4070","경기도 성남시 수정구 위례동로 135-2","12","2026-10-02 Lost112 orgNm=성남수정경찰서; tel=0317504147; method=parent_name; Kakao address delta=0.0m"
"police_api","위례파출소","O0000971","substation:766","하남하남위례파출소","031-8027-7561","경기도 하남시 위례학암로14번길 20","8","2026-10-02 Lost112 orgNm=하남경찰서; tel=0317900158; method=parent_name; Kakao address delta=0.0m"
"police_api","위례파출소","O0002919","substation:604","성남수정성남위례파출소","031-750-4070","경기도 성남시 수정구 위례동로 135-2","8","2026-10-02 Lost112 orgNm=위례파출소; tel=0317504070; method=phone; Kakao address delta=0.0m"
"police_api","위례파출소","O0002937","substation:766","하남하남위례파출소","031-8027-7561","경기도 하남시 위례학암로14번길 20","6","2026-10-02 Lost112 orgNm=위례파출소; tel=03180277561; method=phone; Kakao address delta=0.0m"
"police_api","읍내지구대","O0001273","substation:958","보은읍내지구대","043-542-1112","충청북도 보은군 보은읍 뱃들4길 11-6","7","2026-10-02 Lost112 orgNm=읍내지구대; tel=0435421112; method=phone; Kakao address delta=0.0m"
"police_api","읍내지구대","O0001688","substation:1172","광양읍내지구대","061-762-0113","전라남도 광양시 광양읍 백운로 10","8","2026-10-02 Lost112 orgNm=광양경찰서; tel=0617600239; method=parent_name; Kakao address delta=0.6m"
"police_api","읍내지구대","O0001714","substation:1235","해남읍내지구대","061-536-2112","전라남도 해남군 해남읍 읍사무소길 46","7","2026-10-02 Lost112 orgNm=읍내지구대; tel=0615362112; method=phone; Kakao address delta=0.0m"
"police_api","읍내지구대","O0001726","substation:1221","장흥읍내지구대","061-863-2113","전라남도 장흥군 장흥읍 동부로 2","2","2026-10-02 Lost112 orgNm=장흥경찰서; tel=0618607247; method=parent_name; Kakao address delta=0.6m"
"police_api","읍내지구대","O0001746","substation:1267","영광읍내지구대","061-353-0113","전라남도 영광군 영광읍 천년로13길 29","4","2026-10-02 Lost112 orgNm=영광경찰서; tel=0613500346; method=parent_name; Kakao address delta=0.1m"
"police_api","읍내지구대","O0001747","substation:1267","영광읍내지구대","061-353-0113","전라남도 영광군 영광읍 천년로13길 29","5","2026-10-02 Lost112 orgNm=읍내지구대; tel=0613530113; method=phone; Kakao address delta=0.1m"
"police_api","읍내지구대","O0001754","substation:1214","화순읍내지구대","061-379-4301","전라남도 화순군 화순읍 충의로 152","1","2026-10-02 Lost112 orgNm=화순경찰서; tel=0613794346; method=parent_name; Kakao address delta=2.3m"
"police_api","읍내지구대","O0001785","substation:1228","강진읍내지구대","061-432-0113","전라남도 강진군 강진읍 목리길 20","2","2026-10-02 Lost112 orgNm=강진경찰서; tel=0614307247; method=parent_name; Kakao address delta=0.6m"
"police_api","읍내지구대","O0001809","substation:1281","완도읍내지구대","061-552-1112","전라남도 완도군 완도읍 개포로 113","1","2026-10-02 Lost112 orgNm=읍내지구대; tel=0615521112; method=phone; Kakao address delta=6.1m"
"police_api","읍내파출소","O0001058","substation:903","가평읍내파출소","031-582-2203","경기도 가평군 가평읍 가화로 38","1","2026-10-02 Lost112 orgNm=가평경찰서; tel=0315801148; method=parent_name; Kakao address delta=0.0m"
"police_api","읍내파출소","O0001059","substation:903","가평읍내파출소","031-582-2203","경기도 가평군 가평읍 가화로 38","7","2026-10-02 Lost112 orgNm=읍내파출소; tel=0315822203; method=phone; Kakao address delta=0.0m"
"police_api","읍내파출소","O0001700","substation:1193","고흥읍내파출소","061-832-0112","전라남도 고흥군 고흥읍 학교길 74","4","2026-10-02 Lost112 orgNm=고흥경찰서; tel=0618300247; method=parent_name; Kakao address delta=0.0m"
"police_api","읍내파출소","O0001701","substation:1193","고흥읍내파출소","061-832-0112","전라남도 고흥군 고흥읍 학교길 74","1","2026-10-02 Lost112 orgNm=읍내파출소; tel=0618320112; method=phone; Kakao address delta=0.0m"
"police_api","읍내파출소","O0001738","substation:1205","보성읍내파출소","061-853-0113","전라남도 보성군 보성읍 송재로 278","6","2026-10-02 Lost112 orgNm=읍내파출소; tel=0618530113; method=phone; Kakao address delta=0.0m"
"police_api","읍내파출소","O0001762","substation:1260","함평읍내파출소","061-322-0112","전라남도 함평군 함평읍 함장로 1202-16","2","2026-10-02 Lost112 orgNm=함평경찰서; tel=0613201347; method=parent_name; Kakao address delta=1.0m"
"police_api","읍내파출소","O0001771","substation:1247","영암읍내파출소","061-473-2112","전라남도 영암군 영암읍 낭주로 178","1","2026-10-02 Lost112 orgNm=읍내파출소; tel=0614732112; method=phone; Kakao address delta=0.1m"
"police_api","읍내파출소","O0001800","substation:1181","곡성읍내파출소","061-363-3116","전라남도 곡성군 곡성읍 중앙로 84-1","1","2026-10-02 Lost112 orgNm=곡성경찰서; tel=0613606347; method=parent_name; Kakao address delta=0.2m"
"police_api","읍내파출소","O0001801","substation:1181","곡성읍내파출소","061-363-3116","전라남도 곡성군 곡성읍 중앙로 84-1","1","2026-10-02 Lost112 orgNm=읍내파출소; tel=0613633116; method=phone; Kakao address delta=0.2m"
"police_api","읍내파출소","O0001831","substation:1289","진도읍내파출소","061-544-0112","전라남도 진도군 진도읍 남동3길 1","8","2026-10-02 Lost112 orgNm=읍내파출소; tel=0615440112; method=phone; Kakao address delta=0.0m"
"police_api","읍내파출소","O0001839","substation:1187","구례읍내파출소","061-783-6112","전라남도 구례군 구례읍 로터리길 7","2","2026-10-02 Lost112 orgNm=읍내파출소; tel=0617836112; method=phone; Kakao address delta=1.5m"
"police_api","읍내파출소","O0002331","substation:1666","하동읍내파출소","055-883-0112","경상남도 하동군 하동읍 중앙로 36","7","2026-10-02 Lost112 orgNm=읍내파출소; tel=0558830112; method=phone; Kakao address delta=0.0m"
"police_api","읍내파출소","O0002348","substation:1679","함양읍내파출소","055-963-4112","경상남도 함양군 함양읍 교산4길 11","5","2026-10-02 Lost112 orgNm=읍내파출소; tel=0559634112; method=phone; Kakao address delta=0.0m"
"police_api","이동파출소","O0000828","substation:678","안산상록이동파출소","031-409-3112","경기도 안산시 상록구 중보1길 35","8","2026-10-02 Lost112 orgNm=안산상록경찰서; tel=03180402150; method=parent_name; Kakao address delta=0.0m"
"police_api","이동파출소","O0002921","substation:678","안산상록이동파출소","031-409-3112","경기도 안산시 상록구 중보1길 35","3","2026-10-02 Lost112 orgNm=이동파출소; tel=0314093112; method=phone; Kakao address delta=0.0m"
"police_api","이서파출소","O0001534","substation:1930","완주이서파출소","063-222-9112","전북특별자치도 완주군 이서면 이서로 51","1","2026-10-02 Lost112 orgNm=완주경찰서; tel=0632191147; method=parent_name; Kakao address delta=0.1m"
"police_api","이서파출소","O0001543","substation:1930","완주이서파출소","063-222-9112","전북특별자치도 완주군 이서면 이서로 51","1","2026-10-02 Lost112 orgNm=이서파출소; tel=0632229112; method=phone; Kakao address delta=0.1m"
"police_api","일동파출소","O0000828","substation:677","안산상록일동파출소","031-418-0112","경기도 안산시 상록구 호동로 118","6","2026-10-02 Lost112 orgNm=안산상록경찰서; tel=03180402150; method=parent_name; Kakao address delta=0.0m"
"police_api","일동파출소","O0000835","substation:677","안산상록일동파출소","031-418-0112","경기도 안산시 상록구 호동로 118","3","2026-10-02 Lost112 orgNm=일동파출소; tel=0314180112; method=phone; Kakao address delta=0.0m"
"police_api","일동파출소","O0001043","substation:880","포천일동파출소","031-532-3112","경기도 포천시 일동면 화동로 1023","2","2026-10-02 Lost112 orgNm=포천경찰서; tel=0315398349; method=parent_name; Kakao address delta=0.0m"
"police_api","일직파출소","O0000812","substation:655","광명일직파출소","02-2093-0570","경기도 광명시 서독로 418","7","2026-10-02 Lost112 orgNm=광명경찰서; tel=0220930147; method=parent_name; Kakao address delta=0.0m"
"police_api","일직파출소","O0002989","substation:655","광명일직파출소","02-2093-0570","경기도 광명시 서독로 418","3","2026-10-02 Lost112 orgNm=일직파출소; tel=0220930570; method=phone; Kakao address delta=0.0m"
"police_api","자은파출소","O0001631","substation:1299","목포자은파출소","061-271-8112","전라남도 신안군 자은면 구영2길 71","1","2026-10-02 Lost112 orgNm=자은파출소; tel=0612718112; method=phone; Kakao address delta=0.6m"
"police_api","자은파출소","O0002253","substation:1558","진해자은파출소","055-549-8306","경상남도 창원시 진해구 장복대로 157","1","2026-10-02 Lost112 orgNm=진해경찰서; tel=0555498342; method=parent_name; Kakao address delta=0.0m"
"police_api","자은파출소","O0002935","substation:1558","진해자은파출소","055-549-8306","경상남도 창원시 진해구 장복대로 157","2","2026-10-02 Lost112 orgNm=자은파출소; tel=0555498306; method=phone; Kakao address delta=0.0m"
"police_api","장기파출소","O0000586","substation:442","인천계양장기파출소","032-363-6884","인천광역시 계양구 장기서로 6","3","2026-10-02 Lost112 orgNm=인천계양경찰서; tel=0323636320; method=parent_name; Kakao address delta=0.0m"
"police_api","장성파출소","O0001113","substation:1757","태백장성파출소","033-581-8112","강원특별자치도 태백시 장성로 28","1","2026-10-02 Lost112 orgNm=태백경찰서; tel=0335804745; method=parent_name; Kakao address delta=0.0m"
"police_api","장성파출소","O0001871","substation:1326","포항북부장성파출소","054-250-4723","경상북도 포항시 북구 법원로39번길 36","1","2026-10-02 Lost112 orgNm=포항북부경찰서; tel=0542500359; method=parent_name; Kakao address delta=0.0m"
"police_api","장성파출소","O0001874","substation:1326","포항북부장성파출소","054-250-4723","경상북도 포항시 북구 법원로39번길 36","1","2026-10-02 Lost112 orgNm=장성파출소; tel=0542504723; method=phone; Kakao address delta=0.0m"
"police_api","중동지구대","O0000364","substation:290","부산해운대중동지구대","051-665-0175","부산광역시 해운대구 좌동순환로433번길 32","6","2026-10-02 Lost112 orgNm=부산해운대경찰서; tel=0516650227; method=parent_name; Kakao address delta=14.4m"
"police_api","중동지구대","O0000373","substation:290","부산해운대중동지구대","051-665-0175","부산광역시 해운대구 좌동순환로433번길 32","5","2026-10-02 Lost112 orgNm=중동지구대; tel=0516650175; method=phone; Kakao address delta=14.4m"
"police_api","중동지구대","O0000800","substation:640","부천원미중동지구대","032-680-6835","경기도 부천시 석천로 203-16","6","2026-10-02 Lost112 orgNm=부천원미경찰서; tel=0326807307; method=parent_name; Kakao address delta=3.9m"
"police_api","중동지구대","O0000802","substation:640","부천원미중동지구대","032-680-6835","경기도 부천시 석천로 203-16","5","2026-10-02 Lost112 orgNm=중동지구대; tel=0326806835; method=phone; Kakao address delta=3.9m"
"police_api","중동지구대","O0002395","substation:1717","서귀포중동지구대","064-733-0112","제주특별자치도 서귀포시 태평로 552","22","2026-10-02 Lost112 orgNm=서귀포경찰서; tel=0647605395; method=parent_name; Kakao address delta=0.0m"
"police_api","중동지구대","O0002396","substation:1717","서귀포중동지구대","064-733-0112","제주특별자치도 서귀포시 태평로 552","11","2026-10-02 Lost112 orgNm=중동지구대; tel=0647330112; method=phone; Kakao address delta=0.0m"
"police_api","중부지구대","O0001074","substation:1725","춘천중부지구대","033-245-0711","강원특별자치도 춘천시 서부대성로 168","8","2026-10-02 Lost112 orgNm=춘천경찰서; tel=0332450362; method=parent_name; Kakao address delta=0.2m"
"police_api","중부지구대","O0001075","substation:1725","춘천중부지구대","033-245-0711","강원특별자치도 춘천시 서부대성로 168","5","2026-10-02 Lost112 orgNm=중부지구대; tel=0332450711; method=phone; Kakao address delta=0.2m"
"police_api","중부지구대","O0001086","substation:1745","강릉중부지구대","033-646-4112","강원특별자치도 강릉시 용지로 172","12","2026-10-02 Lost112 orgNm=강릉경찰서; tel=0336509657; method=parent_name; Kakao address delta=0.1m"
"police_api","중부지구대","O0001160","substation:1792","평창중부지구대","033-339-5376","강원특별자치도 평창군 봉평면 평온길 2","2","2026-10-02 Lost112 orgNm=평창경찰서; tel=0333395347; method=parent_name; Kakao address delta=1.0m"
"police_api","중부지구대","O0001162","substation:1792","평창중부지구대","033-339-5376","강원특별자치도 평창군 봉평면 평온길 2","1","2026-10-02 Lost112 orgNm=중부지구대; tel=0333395376; method=phone; Kakao address delta=1.0m"
"police_api","중앙지구대","O0000086","substation:170","서울영등포중앙지구대","02-2118-9101","서울특별시 영등포구 영등포로46길 14","21","2026-10-02 Lost112 orgNm=서울영등포경찰서; tel=0221189451; method=parent_name; Kakao address delta=0.0m"
"police_api","중앙지구대","O0000087","substation:170","서울영등포중앙지구대","02-2118-9101","서울특별시 영등포구 영등포로46길 14","7","2026-10-02 Lost112 orgNm=중앙지구대; tel=0221189101; method=phone; Kakao address delta=0.0m"
"police_api","중앙지구대","O0000597","substation:431","인천삼산중앙지구대","032-509-0303","인천광역시 부평구 주부토로 10","20","2026-10-02 Lost112 orgNm=인천삼산경찰서; tel=0325090349; method=parent_name; Kakao address delta=0.0m"
"police_api","중앙지구대","O0000602","substation:431","인천삼산중앙지구대","032-509-0303","인천광역시 부평구 주부토로 10","9","2026-10-02 Lost112 orgNm=중앙지구대; tel=0325090303; method=phone; Kakao address delta=0.0m"
"police_api","중앙지구대","O0000697","substation:536","울산중부중앙지구대","052-296-0112","울산광역시 중구 학산로 7","4","2026-10-02 Lost112 orgNm=울산중부경찰서; tel=0522414297; method=parent_name; Kakao address delta=0.0m"
"police_api","중앙지구대","O0000698","substation:536","울산중부중앙지구대","052-296-0112","울산광역시 중구 학산로 7","4","2026-10-02 Lost112 orgNm=중앙지구대; tel=0522960112; method=phone; Kakao address delta=0.0m"
"police_api","중앙지구대","O0000800","substation:637","부천원미중앙지구대","032-680-6815","경기도 부천시 장말로 337","11","2026-10-02 Lost112 orgNm=부천원미경찰서; tel=0326807307; method=parent_name; Kakao address delta=0.0m"
"police_api","중앙지구대","O0000801","substation:637","부천원미중앙지구대","032-680-6815","경기도 부천시 장말로 337","19","2026-10-02 Lost112 orgNm=중앙지구대; tel=0326806815; method=phone; Kakao address delta=0.0m"
"police_api","중앙지구대","O0000883","substation:767","용인동부중앙지구대","031-260-0401","경기도 용인시 처인구 금령로 18","12","2026-10-02 Lost112 orgNm=용인동부경찰서; tel=0312600349; method=parent_name; Kakao address delta=0.0m"
"police_api","중앙지구대","O0000934","substation:813","안성중앙지구대","031-675-3502","경기도 안성시 석정1길 15","5","2026-10-02 Lost112 orgNm=안성경찰서; tel=03180460447; method=parent_name; Kakao address delta=3.5m"
"police_api","중앙지구대","O0001094","substation:1736","원주중앙지구대","033-742-8011","강원특별자치도 원주시 평원로 160","5","2026-10-02 Lost112 orgNm=원주경찰서; tel=0337380607; method=parent_name; Kakao address delta=0.4m"
"police_api","중앙지구대","O0001221","substation:942","충주중앙지구대","043-843-0021","충청북도 충주시 중앙로 109","2","2026-10-02 Lost112 orgNm=충주경찰서; tel=0438806127; method=parent_name; Kakao address delta=0.0m"
"police_api","중앙지구대","O0001223","substation:942","충주중앙지구대","043-843-0021","충청북도 충주시 중앙로 109","12","2026-10-02 Lost112 orgNm=중앙지구대; tel=0438430021; method=phone; Kakao address delta=0.0m"
"police_api","중앙지구대","O0001237","substation:951","제천중앙지구대","043-641-8720","충청북도 제천시 독순로 77","3","2026-10-02 Lost112 orgNm=제천경찰서; tel=0436418349; method=parent_name; Kakao address delta=0.0m"
"police_api","중앙지구대","O0001240","substation:951","제천중앙지구대","043-641-8720","충청북도 제천시 독순로 77","2","2026-10-02 Lost112 orgNm=중앙지구대; tel=0436418720; method=phone; Kakao address delta=0.0m"
"police_api","중앙지구대","O0001251","substation:971","영동중앙지구대","043-745-3112","충청북도 영동군 영동읍 계산로 63","2","2026-10-02 Lost112 orgNm=영동경찰서; tel=0437405238; method=parent_name; Kakao address delta=0.0m"
"police_api","중앙지구대","O0001252","substation:971","영동중앙지구대","043-745-3112","충청북도 영동군 영동읍 계산로 63","2","2026-10-02 Lost112 orgNm=중앙지구대; tel=0437453112; method=phone; Kakao address delta=0.0m"
"police_api","중앙지구대","O0001266","substation:995","단양중앙지구대","043-641-9710","충청북도 단양군 단양읍 삼봉로 259","3","2026-10-02 Lost112 orgNm=단양경찰서; tel=0436419344; method=parent_name; Kakao address delta=4.3m"
"police_api","중앙지구대","O0001373","substation:1058","당진중앙지구대","041-360-4301","충청남도 당진시 당진중앙2로 157","21","2026-10-02 Lost112 orgNm=당진경찰서; tel=0413604152; method=parent_name; Kakao address delta=0.0m"
"police_api","중앙지구대","O0001374","substation:1058","당진중앙지구대","041-360-4301","충청남도 당진시 당진중앙2로 157","7","2026-10-02 Lost112 orgNm=중앙지구대; tel=0413604301; method=phone; Kakao address delta=0.0m"
"police_api","중앙지구대","O0001473","substation:1869","익산중앙지구대","063-855-3591","전북특별자치도 익산시 인북로 146","1","2026-10-02 Lost112 orgNm=익산경찰서; tel=0638300347; method=parent_name; Kakao address delta=0.0m"
"police_api","중앙지구대","O0001494","substation:1886","정읍중앙지구대","063-535-2274","전북특별자치도 정읍시 수성5로 45-14","1","2026-10-02 Lost112 orgNm=중앙지구대; tel=0635352274; method=phone; Kakao address delta=0.7m"
"police_api","중앙지구대","O0001509","substation:1902","남원중앙지구대","063-633-4837","전북특별자치도 남원시 충정로 43","3","2026-10-02 Lost112 orgNm=남원경찰서; tel=0636300344; method=parent_name; Kakao address delta=1.1m"
"police_api","중앙지구대","O0001963","substation:1362","김천중앙지구대","054-435-4148","경상북도 김천시 영남대로 2009","1","2026-10-02 Lost112 orgNm=김천경찰서; tel=0544293237; method=parent_name; Kakao address delta=0.0m"
"police_api","중앙지구대","O0001966","substation:1362","김천중앙지구대","054-435-4148","경상북도 김천시 영남대로 2009","1","2026-10-02 Lost112 orgNm=중앙지구대; tel=0544354148; method=phone; Kakao address delta=0.0m"
"police_api","중앙지구대","O0002014","substation:1425","상주중앙지구대","054-534-8920","경상북도 상주시 상서문로 63","4","2026-10-02 Lost112 orgNm=상주경찰서; tel=0545370358; method=parent_name; Kakao address delta=0.0m"
"police_api","중앙지구대","O0002015","substation:1425","상주중앙지구대","054-534-8920","경상북도 상주시 상서문로 63","1","2026-10-02 Lost112 orgNm=중앙지구대; tel=0545348920; method=phone; Kakao address delta=0.0m"
"police_api","중앙지구대","O0002229","substation:1590","김해중부중앙지구대","055-336-0112","경상남도 김해시 가락로 30","10","2026-10-02 Lost112 orgNm=김해중부경찰서; tel=0553448347; method=parent_name; Kakao address delta=1.1m"
"police_api","중앙지구대","O0002259","substation:1574","통영중앙지구대","055-649-3112","경상남도 통영시 중앙로 170","2","2026-10-02 Lost112 orgNm=통영경찰서; tel=0556400347; method=parent_name; Kakao address delta=0.0m"
"police_api","중앙지구대","O0002378","substation:1702","제주동부중앙지구대","064-722-3316","제주특별자치도 제주시 북성로 3","17","2026-10-02 Lost112 orgNm=제주동부경찰서; tel=0647501321; method=parent_name; Kakao address delta=0.0m"
"police_api","중앙지구대","O0002380","substation:1702","제주동부중앙지구대","064-722-3316","제주특별자치도 제주시 북성로 3","6","2026-10-02 Lost112 orgNm=중앙지구대; tel=0647223316; method=phone; Kakao address delta=0.0m"
"police_api","중앙지구대","O0002740","substation:1574","통영중앙지구대","055-649-3112","경상남도 통영시 중앙로 170","2","2026-10-02 Lost112 orgNm=중앙지구대; tel=0556493112; method=phone; Kakao address delta=0.0m"
"police_api","중앙지구대","O0003124","substation:1590","김해중부중앙지구대","055-336-0112","경상남도 김해시 가락로 30","10","2026-10-02 Lost112 orgNm=중앙지구대; tel=0553360112; method=phone; Kakao address delta=1.1m"
"police_api","중앙파출소","O0000470","substation:332","대구중부중앙파출소","053-420-1311","대구광역시 중구 중앙대로81길 88","8","2026-10-02 Lost112 orgNm=대구중부경찰서; tel=0534201347; method=parent_name; Kakao address delta=0.0m"
"police_api","중앙파출소","O0000474","substation:332","대구중부중앙파출소","053-420-1311","대구광역시 중구 중앙대로81길 88","18","2026-10-02 Lost112 orgNm=중앙파출소; tel=0534201311; method=phone; Kakao address delta=0.0m"
"police_api","중앙파출소","O0000772","substation:597","성남수정중앙파출소","031-750-4040","경기도 성남시 수정구 수정로 145","5","2026-10-02 Lost112 orgNm=성남수정경찰서; tel=0317504147; method=parent_name; Kakao address delta=0.0m"
"police_api","중앙파출소","O0000778","substation:597","성남수정중앙파출소","031-750-4040","경기도 성남시 수정구 수정로 145","12","2026-10-02 Lost112 orgNm=중앙파출소; tel=0317504040; method=phone; Kakao address delta=0.0m"
"police_api","중앙파출소","O0000862","substation:737","오산중앙파출소","031-8047-8472","경기도 오산시 오산로 221","9","2026-10-02 Lost112 orgNm=오산경찰서; tel=0313718235; method=parent_name; Kakao address delta=1.1m"
"police_api","중앙파출소","O0001032","substation:675","동두천중앙파출소","031-868-7112","경기도 동두천시 중앙로 393","6","2026-10-02 Lost112 orgNm=동두천경찰서; tel=0318690147; method=parent_name; Kakao address delta=0.0m"
"police_api","중앙파출소","O0001636","substation:1124","여수중앙파출소","061-663-0112","전라남도 여수시 수정2길 14","7","2026-10-02 Lost112 orgNm=여수경찰서; tel=0616608750; method=parent_name; Kakao address delta=2.3m"
"police_api","중앙파출소","O0001793","substation:1175","담양중앙파출소","061-381-2100","전라남도 담양군 담양읍 중앙로 73","6","2026-10-02 Lost112 orgNm=담양경찰서; tel=0613804347; method=parent_name; Kakao address delta=0.1m"
"police_api","중앙파출소","O0001794","substation:1175","담양중앙파출소","061-381-2100","전라남도 담양군 담양읍 중앙로 73","16","2026-10-02 Lost112 orgNm=중앙파출소; tel=0613812100; method=phone; Kakao address delta=0.1m"
"police_api","중앙파출소","O0002079","substation:1481","청도중앙파출소","054-373-3112","경상북도 청도군 청도읍 청화로 194","7","2026-10-02 Lost112 orgNm=중앙파출소; tel=0543733112; method=phone; Kakao address delta=0.0m"
"police_api","중앙파출소","O0002185","substation:1537","창원중부중앙파출소","055-283-0113","경상남도 창원시 성산구 원이대로566번길 27-19","11","2026-10-02 Lost112 orgNm=창원중부경찰서; tel=0552330279; method=parent_name; Kakao address delta=0.0m"
"police_api","중앙파출소","O0002187","substation:1537","창원중부중앙파출소","055-283-0113","경상남도 창원시 성산구 원이대로566번길 27-19","4","2026-10-02 Lost112 orgNm=중앙파출소; tel=0552830113; method=phone; Kakao address delta=0.0m"
"police_api","중앙파출소","O0002243","substation:1623","양산중앙파출소","055-385-0112","경상남도 양산시 북안남5길 11-16","4","2026-10-02 Lost112 orgNm=양산경찰서; tel=0553920170; method=parent_name; Kakao address delta=0.0m"
"police_api","중앙파출소","O0002244","substation:1623","양산중앙파출소","055-385-0112","경상남도 양산시 북안남5길 11-16","3","2026-10-02 Lost112 orgNm=중앙파출소; tel=0553850112; method=phone; Kakao address delta=0.0m"
"police_api","중앙파출소","O0003338","substation:675","동두천중앙파출소","031-868-7112","경기도 동두천시 중앙로 393","5","2026-10-02 Lost112 orgNm=중앙파출소; tel=0318687112; method=phone; Kakao address delta=0.0m"
"police_api","청계파출소","O0000967","substation:760","의왕청계파출소","031-8086-0126","경기도 의왕시 안양판교로 227","4","2026-10-02 Lost112 orgNm=의왕경찰서; tel=03180860347; method=parent_name; Kakao address delta=0.0m"
"police_api","청계파출소","O0000969","substation:760","의왕청계파출소","031-8086-0126","경기도 의왕시 안양판교로 227","2","2026-10-02 Lost112 orgNm=청계파출소; tel=03180860126; method=phone; Kakao address delta=0.0m"
"police_api","청운파출소","O0000011","substation:1","서울종로청운파출소","02-3701-4305","서울특별시 종로구 자하문로 92-1","1","2026-10-02 Lost112 orgNm=서울종로경찰서; tel=0237014134; method=parent_name; Kakao address delta=0.0m"
"police_api","청운파출소","O0000016","substation:1","서울종로청운파출소","02-3701-4305","서울특별시 종로구 자하문로 92-1","1","2026-10-02 Lost112 orgNm=청운파출소; tel=0237014305; method=phone; Kakao address delta=0.0m"
"police_api","청학파출소","O0000291","substation:254","부산영도청학파출소","051-415-0128","부산광역시 영도구 태종로 395","3","2026-10-02 Lost112 orgNm=부산영도경찰서; tel=0514009109; method=parent_name; Kakao address delta=0.0m"
"police_api","청학파출소","O0002699","substation:734","남양주북부청학파출소","031-853-7112","경기도 남양주시 별내면 청학로68번길 8","2","2026-10-02 Lost112 orgNm=청학파출소; tel=0318537112; method=phone; Kakao address delta=0.0m"
"police_api","청학파출소","O0002955","substation:734","남양주북부청학파출소","031-853-7112","경기도 남양주시 별내면 청학로68번길 8","2","2026-10-02 Lost112 orgNm=남양주북부경찰서; tel=0318696147; method=parent_name; Kakao address delta=0.0m"
"police_api","충무지구대","O0000335","substation:244","부산서부충무지구대","051-254-7822","부산광역시 서구 임시수도기념로 36","5","2026-10-02 Lost112 orgNm=부산서부경찰서; tel=0515401113; method=parent_name; Kakao address delta=0.0m"
"police_api","충무지구대","O0001336","substation:1033","아산충무지구대","041-538-0842","충청남도 아산시 시민로 370-12","8","2026-10-02 Lost112 orgNm=아산경찰서; tel=0415389347; method=parent_name; Kakao address delta=0.0m"
"police_api","충무지구대","O0003202","substation:1033","아산충무지구대","041-538-0842","충청남도 아산시 시민로 370-12","4","2026-10-02 Lost112 orgNm=충무지구대; tel=0415380842; method=phone; Kakao address delta=0.0m"
"police_api","충무파출소","O0000003","substation:26","서울중부충무파출소","02-2278-7710","서울특별시 중구 퇴계로 178","6","2026-10-02 Lost112 orgNm=서울중부경찰서; tel=0233969156; method=parent_name; Kakao address delta=0.7m"
"police_api","충무파출소","O0002253","substation:1556","진해충무파출소","055-549-8303","경상남도 창원시 진해구 벚꽃로 36","7","2026-10-02 Lost112 orgNm=진해경찰서; tel=0555498342; method=parent_name; Kakao address delta=0.0m"
"police_api","충무파출소","O0002256","substation:1556","진해충무파출소","055-549-8303","경상남도 창원시 진해구 벚꽃로 36","3","2026-10-02 Lost112 orgNm=충무파출소; tel=0555498303; method=phone; Kakao address delta=0.0m"
"police_api","태안지구대","O0000864","substation:835","화성동탄태안지구대","031-639-1418","경기도 화성시 떡전골로 112-2","3","2026-10-02 Lost112 orgNm=태안지구대; tel=0316391418; method=phone; Kakao address delta=3.3m"
"police_api","태안지구대","O0001323","substation:1107","태안태안지구대","041-671-9121","충청남도 태안군 태안읍 중앙로 177","2","2026-10-02 Lost112 orgNm=태안지구대; tel=0416719121; method=phone; Kakao address delta=0.0m"
"police_api","태안지구대","O0003126","substation:1107","태안태안지구대","041-671-9121","충청남도 태안군 태안읍 중앙로 177","2","2026-10-02 Lost112 orgNm=태안경찰서; tel=0416719357; method=parent_name; Kakao address delta=0.0m"
"police_api","태안지구대","O0003166","substation:835","화성동탄태안지구대","031-639-1418","경기도 화성시 떡전골로 112-2","5","2026-10-02 Lost112 orgNm=화성동탄경찰서; tel=0316391147; method=parent_name; Kakao address delta=3.3m"
"police_api","태화지구대","O0000697","substation:538","울산중부태화지구대","052-245-0112","울산광역시 중구 종가5길 55","9","2026-10-02 Lost112 orgNm=울산중부경찰서; tel=0522414297; method=parent_name; Kakao address delta=5.5m"
"police_api","태화지구대","O0000699","substation:538","울산중부태화지구대","052-245-0112","울산광역시 중구 종가5길 55","7","2026-10-02 Lost112 orgNm=태화지구대; tel=0522450112; method=phone; Kakao address delta=5.5m"
"police_api","평화지구대","O0001435","substation:1831","전주완산평화지구대","063-280-0669","전북특별자치도 전주시 완산구 평화로 159","3","2026-10-02 Lost112 orgNm=전주완산경찰서; tel=0632800311; method=parent_name; Kakao address delta=0.1m"
"police_api","평화지구대","O0001440","substation:1831","전주완산평화지구대","063-280-0669","전북특별자치도 전주시 완산구 평화로 159","3","2026-10-02 Lost112 orgNm=평화지구대; tel=0632800669; method=phone; Kakao address delta=0.1m"
"police_api","평화지구대","O0001473","substation:1868","익산평화지구대","063-855-4826","전북특별자치도 익산시 인북로1길 26","4","2026-10-02 Lost112 orgNm=익산경찰서; tel=0638300347; method=parent_name; Kakao address delta=0.0m"
"police_api","학산파출소","O0001871","substation:1323","포항북부학산파출소","054-250-4721","경상북도 포항시 북구 삼호로 147","8","2026-10-02 Lost112 orgNm=포항북부경찰서; tel=0542500359; method=parent_name; Kakao address delta=0.0m"
"police_api","한림파출소","O0002388","substation:1708","제주서부한림파출소","064-796-2112","제주특별자치도 제주시 한림읍 한림로 651","8","2026-10-02 Lost112 orgNm=제주서부경찰서; tel=0647601318; method=parent_name; Kakao address delta=0.0m"
"police_api","한림파출소","O0002393","substation:1708","제주서부한림파출소","064-796-2112","제주특별자치도 제주시 한림읍 한림로 651","4","2026-10-02 Lost112 orgNm=한림파출소; tel=0647962112; method=phone; Kakao address delta=0.0m"
"police_api","혁신파출소","O0001289","substation:991","음성혁신파출소","043-883-9112","충청북도 음성군 맹동면 장성로 115","8","2026-10-02 Lost112 orgNm=음성경찰서; tel=0438707350; method=parent_name; Kakao address delta=0.0m"
"police_api","혁신파출소","O0001444","substation:1845","전주덕진혁신파출소","063-236-0113","전북특별자치도 전주시 덕진구 출판로 92","4","2026-10-02 Lost112 orgNm=전주덕진경찰서; tel=0637130347; method=parent_name; Kakao address delta=1.6m"
"police_api","혁신파출소","O0002880","substation:1845","전주덕진혁신파출소","063-236-0113","전북특별자치도 전주시 덕진구 출판로 92","2","2026-10-02 Lost112 orgNm=혁신파출소; tel=0632360113; method=phone; Kakao address delta=1.6m"
"police_api","호수지구대","O0000818","substation:689","안산단원호수지구대","031-439-7112","경기도 안산시 단원구 광덕2로 127","22","2026-10-02 Lost112 orgNm=안산단원경찰서; tel=03180400147; method=parent_name; Kakao address delta=0.0m"
"police_api","호수지구대","O0000820","substation:689","안산단원호수지구대","031-439-7112","경기도 안산시 단원구 광덕2로 127","5","2026-10-02 Lost112 orgNm=호수지구대; tel=0314397112; method=phone; Kakao address delta=0.0m"
"police_api","화원파출소","O0000532","substation:382","대구달성화원파출소","053-660-8312","대구광역시 달성군 화원읍 명천로 100","5","2026-10-02 Lost112 orgNm=대구달성경찰서; tel=0536608363; method=parent_name; Kakao address delta=0.0m"
"police_api","화정지구대","O0000625","substation:473","광주서부화정지구대","062-372-0112","광주광역시 서구 화운로 160","16","2026-10-02 Lost112 orgNm=광주서부경찰서; tel=0625704359; method=parent_name; Kakao address delta=0.1m"
"police_api","화정지구대","O0000629","substation:473","광주서부화정지구대","062-372-0112","광주광역시 서구 화운로 160","5","2026-10-02 Lost112 orgNm=화정지구대; tel=0623720112; method=phone; Kakao address delta=0.1m"
"police_api","화정지구대","O0000981","substation:703","고양화정지구대","031-962-7112","경기도 고양시 덕양구 은빛로 80","8","2026-10-02 Lost112 orgNm=고양경찰서; tel=0319305347; method=parent_name; Kakao address delta=0.0m"
"police_api","화정지구대","O0000982","substation:703","고양화정지구대","031-962-7112","경기도 고양시 덕양구 은빛로 80","5","2026-10-02 Lost112 orgNm=화정지구대; tel=0319627112; method=phone; Kakao address delta=0.0m"
